date,datetime,cash_type,card,money,coffee_name,hour,transaction_category,day,month,year,month_name,datetime_time
01/03/2024,15:50.5,card,ANON-0000-0000-0001,38.7,Latte,10,Medium,1,3,2024,March,15:50.5
01/03/2024,19:22.5,card,ANON-0000-0000-0002,38.7,Hot Chocolate,12,Medium,1,3,2024,March,19:22.5
01/03/2024,20:18.1,card,ANON-0000-0000-0002,38.7,Hot Chocolate,12,Medium,1,3,2024,March,20:18.1
01/03/2024,46:33.0,card,ANON-0000-0000-0003,28.9,Americano,13,Medium,1,3,2024,March,46:33.0
01/03/2024,48:14.6,card,ANON-0000-0000-0004,38.7,Latte,13,Medium,1,3,2024,March,48:14.6
01/03/2024,39:47.7,card,ANON-0000-0000-0005,33.8,Americano with Milk,15,Medium,1,3,2024,March,39:47.7
01/03/2024,19:02.8,card,ANON-0000-0000-0006,38.7,Hot Chocolate,16,Medium,1,3,2024,March,19:02.8
01/03/2024,39:03.6,card,ANON-0000-0000-0007,33.8,Americano with Milk,18,Medium,1,3,2024,March,39:03.6
01/03/2024,22:01.8,card,ANON-0000-0000-0008,38.7,Cocoa,19,Medium,1,3,2024,March,22:01.8
01/03/2024,23:15.9,card,ANON-0000-0000-0008,33.8,Americano with Milk,19,Medium,1,3,2024,March,23:15.9
01/03/2024,29:17.4,card,ANON-0000-0000-0009,33.8,Americano with Milk,19,Medium,1,3,2024,March,29:17.4
02/03/2024,22:07.0,card,ANON-0000-0000-0010,28.9,Americano,10,Medium,2,3,2024,March,22:07.0
02/03/2024,30:35.7,cash,Cash,40,Latte,10,Medium,2,3,2024,March,30:35.7
02/03/2024,41:41.2,card,ANON-0000-0000-0011,33.8,Americano with Milk,10,Medium,2,3,2024,March,41:41.2
02/03/2024,59:45.5,card,ANON-0000-0000-0012,33.8,Americano with Milk,11,Medium,2,3,2024,March,59:45.5
02/03/2024,38:35.5,card,ANON-0000-0000-0013,28.9,Americano,14,Medium,2,3,2024,March,38:35.5
02/03/2024,37:24.5,card,ANON-0000-0000-0014,33.8,Americano with Milk,16,Medium,2,3,2024,March,37:24.5
02/03/2024,34:55.0,card,ANON-0000-0000-0004,28.9,Americano,17,Medium,2,3,2024,March,34:55.0
03/03/2024,10:44.0,cash,Cash,40,Latte,10,Medium,3,3,2024,March,10:44.0
03/03/2024,27:18.6,card,ANON-0000-0000-0015,38.7,Latte,10,Medium,3,3,2024,March,27:18.6
03/03/2024,33:56.1,card,ANON-0000-0000-0016,28.9,Cortado,11,Medium,3,3,2024,March,33:56.1
03/03/2024,26:56.1,card,ANON-0000-0000-0012,28.9,Americano,12,Medium,3,3,2024,March,26:56.1
03/03/2024,09:36.3,card,ANON-0000-0000-0017,38.7,Hot Chocolate,13,Medium,3,3,2024,March,09:36.3
03/03/2024,06:40.3,card,ANON-0000-0000-0018,38.7,Cocoa,17,Medium,3,3,2024,March,06:40.3
03/03/2024,08:45.9,card,ANON-0000-0000-0019,28.9,Cortado,17,Medium,3,3,2024,March,08:45.9
03/03/2024,03:23.4,card,ANON-0000-0000-0020,33.8,Americano with Milk,18,Medium,3,3,2024,March,03:23.4
03/03/2024,04:27.9,card,ANON-0000-0000-0020,33.8,Americano with Milk,18,Medium,3,3,2024,March,04:27.9
03/03/2024,08:05.0,card,ANON-0000-0000-0020,38.7,Hot Chocolate,18,Medium,3,3,2024,March,08:05.0
04/03/2024,03:52.0,card,ANON-0000-0000-0001,38.7,Latte,10,Medium,4,3,2024,March,03:52.0
04/03/2024,54:51.0,card,ANON-0000-0000-0021,38.7,Latte,10,Medium,4,3,2024,March,54:51.0
04/03/2024,05:16.2,card,ANON-0000-0000-0012,33.8,Americano with Milk,11,Medium,4,3,2024,March,05:16.2
04/03/2024,04:37.7,card,ANON-0000-0000-0022,24,Espresso,14,Medium,4,3,2024,March,04:37.7
05/03/2024,59:52.7,card,ANON-0000-0000-0001,38.7,Latte,9,Medium,5,3,2024,March,59:52.7
05/03/2024,34:56.0,card,ANON-0000-0000-0023,38.7,Latte,14,Medium,5,3,2024,March,34:56.0
05/03/2024,34:06.0,card,ANON-0000-0000-0024,38.7,Latte,17,Medium,5,3,2024,March,34:06.0
05/03/2024,35:25.0,card,ANON-0000-0000-0025,38.7,Hot Chocolate,17,Medium,5,3,2024,March,35:25.0
05/03/2024,36:28.6,card,ANON-0000-0000-0026,38.7,Cocoa,17,Medium,5,3,2024,March,36:28.6
05/03/2024,37:13.7,card,ANON-0000-0000-0027,38.7,Hot Chocolate,17,Medium,5,3,2024,March,37:13.7
05/03/2024,38:09.4,card,ANON-0000-0000-0009,38.7,Hot Chocolate,17,Medium,5,3,2024,March,38:09.4
05/03/2024,56:15.8,card,ANON-0000-0000-0028,28.9,Cortado,17,Medium,5,3,2024,March,56:15.8
05/03/2024,01:31.2,card,ANON-0000-0000-0028,38.7,Hot Chocolate,18,Medium,5,3,2024,March,01:31.2
06/03/2024,30:27.1,cash,Cash,35,Americano with Milk,12,Medium,6,3,2024,March,30:27.1
06/03/2024,24:07.7,card,ANON-0000-0000-0012,28.9,Americano,13,Medium,6,3,2024,March,24:07.7
06/03/2024,25:14.4,card,ANON-0000-0000-0012,28.9,Cortado,13,Medium,6,3,2024,March,25:14.4
06/03/2024,52:01.8,card,ANON-0000-0000-0029,38.7,Cappuccino,14,Medium,6,3,2024,March,52:01.8
06/03/2024,53:18.3,card,ANON-0000-0000-0029,38.7,Cappuccino,14,Medium,6,3,2024,March,53:18.3
07/03/2024,08:58.9,cash,Cash,40,Latte,10,Medium,7,3,2024,March,08:58.9
07/03/2024,18:40.5,card,ANON-0000-0000-0030,38.7,Hot Chocolate,10,Medium,7,3,2024,March,18:40.5
07/03/2024,03:59.0,card,ANON-0000-0000-0031,38.7,Latte,11,Medium,7,3,2024,March,03:59.0
07/03/2024,25:44.0,cash,Cash,40,Latte,11,Medium,7,3,2024,March,25:44.0
07/03/2024,40:22.6,card,ANON-0000-0000-0032,28.9,Americano,15,Medium,7,3,2024,March,40:22.6
07/03/2024,41:28.8,card,ANON-0000-0000-0033,33.8,Americano with Milk,15,Medium,7,3,2024,March,41:28.8
08/03/2024,34:41.3,card,ANON-0000-0000-0012,28.9,Cortado,10,Medium,8,3,2024,March,34:41.3
08/03/2024,22:28.7,card,ANON-0000-0000-0034,38.7,Cappuccino,12,Medium,8,3,2024,March,22:28.7
08/03/2024,53:02.0,card,ANON-0000-0000-0035,28.9,Americano,13,Medium,8,3,2024,March,53:02.0
08/03/2024,44:12.7,card,ANON-0000-0000-0012,28.9,Americano,14,Medium,8,3,2024,March,44:12.7
08/03/2024,45:11.0,card,ANON-0000-0000-0033,28.9,Americano,14,Medium,8,3,2024,March,45:11.0
08/03/2024,46:11.2,card,ANON-0000-0000-0012,33.8,Americano with Milk,14,Medium,8,3,2024,March,46:11.2
08/03/2024,57:51.5,card,ANON-0000-0000-0036,38.7,Latte,18,Medium,8,3,2024,March,57:51.5
08/03/2024,59:24.9,card,ANON-0000-0000-0037,38.7,Latte,18,Medium,8,3,2024,March,59:24.9
09/03/2024,49:37.3,cash,Cash,40,Hot Chocolate,11,Medium,9,3,2024,March,49:37.3
09/03/2024,05:15.6,card,ANON-0000-0000-0038,24,Espresso,12,Medium,9,3,2024,March,05:15.6
09/03/2024,07:38.3,card,ANON-0000-0000-0039,28.9,Americano,12,Medium,9,3,2024,March,07:38.3
09/03/2024,09:47.7,card,ANON-0000-0000-0012,38.7,Cappuccino,12,Medium,9,3,2024,March,09:47.7
09/03/2024,13:03.5,card,ANON-0000-0000-0040,28.9,Americano,12,Medium,9,3,2024,March,13:03.5
09/03/2024,14:26.5,card,ANON-0000-0000-0040,28.9,Americano,12,Medium,9,3,2024,March,14:26.5
09/03/2024,09:22.2,card,ANON-0000-0000-0041,38.7,Latte,13,Medium,9,3,2024,March,09:22.2
09/03/2024,41:06.2,card,ANON-0000-0000-0042,33.8,Americano with Milk,13,Medium,9,3,2024,March,41:06.2
09/03/2024,53:10.4,card,ANON-0000-0000-0043,28.9,Cortado,13,Medium,9,3,2024,March,53:10.4
09/03/2024,54:36.8,card,ANON-0000-0000-0043,38.7,Cappuccino,13,Medium,9,3,2024,March,54:36.8
09/03/2024,08:01.8,card,ANON-0000-0000-0009,33.8,Americano with Milk,14,Medium,9,3,2024,March,08:01.8
09/03/2024,26:52.9,card,ANON-0000-0000-0044,38.7,Hot Chocolate,14,Medium,9,3,2024,March,26:52.9
09/03/2024,17:57.6,card,ANON-0000-0000-0009,38.7,Cappuccino,19,Medium,9,3,2024,March,17:57.6
09/03/2024,19:10.1,card,ANON-0000-0000-0009,38.7,Hot Chocolate,19,Medium,9,3,2024,March,19:10.1
10/03/2024,44:18.5,cash,Cash,30,Americano,7,Medium,10,3,2024,March,44:18.5
10/03/2024,45:29.4,cash,Cash,35,Americano with Milk,7,Medium,10,3,2024,March,45:29.4
10/03/2024,06:03.0,cash,Cash,40,Latte,10,Medium,10,3,2024,March,06:03.0
10/03/2024,19:20.8,card,ANON-0000-0000-0045,24,Espresso,11,Medium,10,3,2024,March,19:20.8
10/03/2024,51:03.0,cash,Cash,35,Americano with Milk,17,Medium,10,3,2024,March,51:03.0
10/03/2024,34:00.5,card,ANON-0000-0000-0046,38.7,Latte,19,Medium,10,3,2024,March,34:00.5
10/03/2024,35:54.7,card,ANON-0000-0000-0046,28.9,Cortado,19,Medium,10,3,2024,March,35:54.7
11/03/2024,18:46.7,cash,Cash,40,Latte,10,Medium,11,3,2024,March,18:46.7
11/03/2024,24:15.0,cash,Cash,40,Cappuccino,11,Medium,11,3,2024,March,24:15.0
11/03/2024,24:51.6,cash,Cash,30,Cortado,11,Medium,11,3,2024,March,24:51.6
11/03/2024,26:44.2,cash,Cash,30,Americano,11,Medium,11,3,2024,March,26:44.2
11/03/2024,32:58.8,card,ANON-0000-0000-0035,38.7,Cappuccino,11,Medium,11,3,2024,March,32:58.8
11/03/2024,24:26.4,card,ANON-0000-0000-0047,28.9,Americano,16,Medium,11,3,2024,March,24:26.4
11/03/2024,25:45.7,card,ANON-0000-0000-0047,38.7,Latte,16,Medium,11,3,2024,March,25:45.7
11/03/2024,50:49.6,card,ANON-0000-0000-0048,28.9,Cortado,16,Medium,11,3,2024,March,50:49.6
12/03/2024,15:00.3,cash,Cash,40,Latte,10,Medium,12,3,2024,March,15:00.3
12/03/2024,15:34.5,card,ANON-0000-0000-0033,28.9,Americano,10,Medium,12,3,2024,March,15:34.5
12/03/2024,16:24.9,card,ANON-0000-0000-0033,28.9,Cortado,10,Medium,12,3,2024,March,16:24.9
12/03/2024,20:45.6,card,ANON-0000-0000-0049,38.7,Hot Chocolate,11,Medium,12,3,2024,March,20:45.6
12/03/2024,46:23.3,card,ANON-0000-0000-0004,33.8,Americano with Milk,12,Medium,12,3,2024,March,46:23.3
12/03/2024,47:26.0,card,ANON-0000-0000-0004,28.9,Americano,12,Medium,12,3,2024,March,47:26.0
12/03/2024,15:43.3,card,ANON-0000-0000-0050,28.9,Americano,16,Medium,12,3,2024,March,15:43.3
13/03/2024,06:43.0,card,ANON-0000-0000-0048,38.7,Hot Chocolate,11,Medium,13,3,2024,March,06:43.0
13/03/2024,48:16.8,card,ANON-0000-0000-0004,28.9,Americano,11,Medium,13,3,2024,March,48:16.8
13/03/2024,18:06.3,card,ANON-0000-0000-0051,28.9,Americano,12,Medium,13,3,2024,March,18:06.3
13/03/2024,19:05.1,card,ANON-0000-0000-0051,28.9,Americano,12,Medium,13,3,2024,March,19:05.1
13/03/2024,34:30.3,cash,Cash,25,Espresso,12,Medium,13,3,2024,March,34:30.3
13/03/2024,26:40.9,card,ANON-0000-0000-0052,33.8,Americano with Milk,14,Medium,13,3,2024,March,26:40.9
13/03/2024,40:22.3,card,ANON-0000-0000-0053,24,Espresso,15,Medium,13,3,2024,March,40:22.3
13/03/2024,41:20.4,card,ANON-0000-0000-0053,24,Espresso,15,Medium,13,3,2024,March,41:20.4
13/03/2024,47:09.4,card,ANON-0000-0000-0054,24,Espresso,16,Medium,13,3,2024,March,47:09.4
14/03/2024,02:12.2,cash,Cash,40,Latte,10,Medium,14,3,2024,March,02:12.2
14/03/2024,28:33.0,card,ANON-0000-0000-0055,38.7,Latte,10,Medium,14,3,2024,March,28:33.0
14/03/2024,29:34.3,card,ANON-0000-0000-0055,38.7,Hot Chocolate,10,Medium,14,3,2024,March,29:34.3
14/03/2024,27:29.5,card,ANON-0000-0000-0012,28.9,Cortado,13,Medium,14,3,2024,March,27:29.5
14/03/2024,28:24.5,card,ANON-0000-0000-0012,28.9,Americano,13,Medium,14,3,2024,March,28:24.5
14/03/2024,51:59.9,card,ANON-0000-0000-0056,33.8,Americano with Milk,13,Medium,14,3,2024,March,51:59.9
14/03/2024,52:56.2,card,ANON-0000-0000-0057,24,Espresso,13,Medium,14,3,2024,March,52:56.2
14/03/2024,20:38.4,card,ANON-0000-0000-0058,38.7,Latte,15,Medium,14,3,2024,March,20:38.4
14/03/2024,04:09.5,card,ANON-0000-0000-0059,33.8,Americano with Milk,16,Medium,14,3,2024,March,04:09.5
14/03/2024,54:38.2,card,ANON-0000-0000-0050,24,Espresso,16,Medium,14,3,2024,March,54:38.2
14/03/2024,58:55.9,card,ANON-0000-0000-0019,38.7,Hot Chocolate,18,Medium,14,3,2024,March,58:55.9
14/03/2024,00:08.7,card,ANON-0000-0000-0012,28.9,Cortado,19,Medium,14,3,2024,March,00:08.7
15/03/2024,02:16.5,cash,Cash,40,Latte,10,Medium,15,3,2024,March,02:16.5
15/03/2024,53:02.2,card,ANON-0000-0000-0060,38.7,Hot Chocolate,10,Medium,15,3,2024,March,53:02.2
15/03/2024,19:27.9,card,ANON-0000-0000-0012,28.9,Americano,18,Medium,15,3,2024,March,19:27.9
16/03/2024,06:55.2,card,ANON-0000-0000-0061,33.8,Americano with Milk,12,Medium,16,3,2024,March,06:55.2
16/03/2024,07:53.9,card,ANON-0000-0000-0061,28.9,Americano,12,Medium,16,3,2024,March,07:53.9
16/03/2024,58:18.5,card,ANON-0000-0000-0009,28.9,Cortado,15,Medium,16,3,2024,March,58:18.5
16/03/2024,03:21.7,card,ANON-0000-0000-0009,28.9,Cortado,16,Medium,16,3,2024,March,03:21.7
16/03/2024,04:11.4,card,ANON-0000-0000-0012,28.9,Cortado,16,Medium,16,3,2024,March,04:11.4
16/03/2024,58:07.2,card,ANON-0000-0000-0062,33.8,Americano with Milk,17,Medium,16,3,2024,March,58:07.2
17/03/2024,10:21.4,cash,Cash,40,Latte,10,Medium,17,3,2024,March,10:21.4
17/03/2024,55:26.1,card,ANON-0000-0000-0063,28.9,Cortado,12,Medium,17,3,2024,March,55:26.1
18/03/2024,17:59.7,card,ANON-0000-0000-0064,28.9,Cortado,11,Medium,18,3,2024,March,17:59.7
18/03/2024,31:39.7,card,ANON-0000-0000-0003,28.9,Americano,15,Medium,18,3,2024,March,31:39.7
18/03/2024,32:38.2,card,ANON-0000-0000-0003,28.9,Americano,15,Medium,18,3,2024,March,32:38.2
18/03/2024,33:36.7,card,ANON-0000-0000-0003,28.9,Americano,15,Medium,18,3,2024,March,33:36.7
19/03/2024,20:26.0,cash,Cash,30,Cortado,10,Medium,19,3,2024,March,20:26.0
19/03/2024,02:21.5,card,ANON-0000-0000-0065,38.7,Latte,14,Medium,19,3,2024,March,02:21.5
19/03/2024,03:19.8,card,ANON-0000-0000-0065,38.7,Latte,14,Medium,19,3,2024,March,03:19.8
19/03/2024,04:36.3,card,ANON-0000-0000-0049,38.7,Hot Chocolate,15,Medium,19,3,2024,March,04:36.3
19/03/2024,53:48.7,card,ANON-0000-0000-0066,33.8,Americano with Milk,16,Medium,19,3,2024,March,53:48.7
19/03/2024,26:32.7,cash,Cash,40,Hot Chocolate,19,Medium,19,3,2024,March,26:32.7
20/03/2024,41:16.4,card,ANON-0000-0000-0012,28.9,Cortado,11,Medium,20,3,2024,March,41:16.4
20/03/2024,21:07.7,cash,Cash,40,Latte,12,Medium,20,3,2024,March,21:07.7
20/03/2024,30:49.0,card,ANON-0000-0000-0049,28.9,Cortado,12,Medium,20,3,2024,March,30:49.0
20/03/2024,16:47.4,card,ANON-0000-0000-0067,38.7,Cappuccino,13,Medium,20,3,2024,March,16:47.4
20/03/2024,42:38.1,card,ANON-0000-0000-0050,38.7,Cocoa,16,Medium,20,3,2024,March,42:38.1
20/03/2024,50:28.8,card,ANON-0000-0000-0068,38.7,Latte,17,Medium,20,3,2024,March,50:28.8
21/03/2024,18:57.0,cash,Cash,40,Cappuccino,10,Medium,21,3,2024,March,18:57.0
21/03/2024,25:09.2,card,ANON-0000-0000-0012,28.9,Cortado,12,Medium,21,3,2024,March,25:09.2
21/03/2024,26:17.4,card,ANON-0000-0000-0012,38.7,Cappuccino,12,Medium,21,3,2024,March,26:17.4
21/03/2024,21:01.5,cash,Cash,30,Americano,17,Medium,21,3,2024,March,21:01.5
21/03/2024,22:01.4,card,ANON-0000-0000-0012,28.9,Cortado,17,Medium,21,3,2024,March,22:01.4
21/03/2024,20:36.5,card,ANON-0000-0000-0069,38.7,Latte,19,Medium,21,3,2024,March,20:36.5
22/03/2024,35:53.6,card,ANON-0000-0000-0070,33.8,Americano with Milk,10,Medium,22,3,2024,March,35:53.6
22/03/2024,29:20.3,card,ANON-0000-0000-0071,33.8,Americano with Milk,13,Medium,22,3,2024,March,29:20.3
22/03/2024,15:14.4,cash,Cash,40,Cappuccino,16,Medium,22,3,2024,March,15:14.4
22/03/2024,17:03.7,card,ANON-0000-0000-0012,28.9,Americano,17,Medium,22,3,2024,March,17:03.7
22/03/2024,17:59.0,card,ANON-0000-0000-0012,24,Espresso,17,Medium,22,3,2024,March,17:59.0
22/03/2024,20:49.5,card,ANON-0000-0000-0050,28.9,Americano,17,Medium,22,3,2024,March,20:49.5
23/03/2024,43:59.6,card,ANON-0000-0000-0072,38.7,Latte,10,Medium,23,3,2024,March,43:59.6
23/03/2024,45:07.2,card,ANON-0000-0000-0073,33.8,Americano with Milk,10,Medium,23,3,2024,March,45:07.2
23/03/2024,10:07.7,card,ANON-0000-0000-0074,38.7,Cappuccino,13,Medium,23,3,2024,March,10:07.7
23/03/2024,11:12.2,card,ANON-0000-0000-0074,38.7,Cocoa,13,Medium,23,3,2024,March,11:12.2
23/03/2024,44:41.3,card,ANON-0000-0000-0075,33.8,Americano with Milk,14,Medium,23,3,2024,March,44:41.3
23/03/2024,47:19.1,card,ANON-0000-0000-0076,38.7,Latte,15,Medium,23,3,2024,March,47:19.1
23/03/2024,49:33.8,card,ANON-0000-0000-0076,33.8,Americano with Milk,15,Medium,23,3,2024,March,49:33.8
23/03/2024,00:58.4,card,ANON-0000-0000-0009,28.9,Cortado,16,Medium,23,3,2024,March,00:58.4
24/03/2024,03:56.0,cash,Cash,40,Latte,10,Medium,24,3,2024,March,03:56.0
24/03/2024,45:08.4,card,ANON-0000-0000-0077,38.7,Latte,18,Medium,24,3,2024,March,45:08.4
25/03/2024,31:47.2,card,ANON-0000-0000-0009,38.7,Latte,10,Medium,25,3,2024,March,31:47.2
25/03/2024,16:25.7,cash,Cash,35,Americano with Milk,11,Medium,25,3,2024,March,16:25.7
25/03/2024,27:09.2,card,ANON-0000-0000-0078,38.7,Latte,14,Medium,25,3,2024,March,27:09.2
25/03/2024,29:25.3,card,ANON-0000-0000-0017,38.7,Latte,14,Medium,25,3,2024,March,29:25.3
25/03/2024,37:30.6,card,ANON-0000-0000-0024,33.8,Americano with Milk,18,Medium,25,3,2024,March,37:30.6
25/03/2024,34:24.5,card,ANON-0000-0000-0079,38.7,Cappuccino,19,Medium,25,3,2024,March,34:24.5
26/03/2024,35:49.7,card,ANON-0000-0000-0055,38.7,Cocoa,10,Medium,26,3,2024,March,35:49.7
26/03/2024,36:36.2,card,ANON-0000-0000-0055,38.7,Latte,10,Medium,26,3,2024,March,36:36.2
26/03/2024,42:30.2,card,ANON-0000-0000-0080,38.7,Latte,10,Medium,26,3,2024,March,42:30.2
26/03/2024,11:47.3,card,ANON-0000-0000-0009,28.9,Cortado,11,Medium,26,3,2024,March,11:47.3
26/03/2024,35:52.8,card,ANON-0000-0000-0003,28.9,Americano,13,Medium,26,3,2024,March,35:52.8
26/03/2024,36:49.6,card,ANON-0000-0000-0032,28.9,Cortado,13,Medium,26,3,2024,March,36:49.6
26/03/2024,37:59.7,card,ANON-0000-0000-0059,28.9,Cortado,13,Medium,26,3,2024,March,37:59.7
26/03/2024,57:53.7,card,ANON-0000-0000-0050,28.9,Americano,13,Medium,26,3,2024,March,57:53.7
26/03/2024,48:02.3,card,ANON-0000-0000-0081,38.7,Latte,15,Medium,26,3,2024,March,48:02.3
26/03/2024,33:38.6,card,ANON-0000-0000-0024,38.7,Latte,18,Medium,26,3,2024,March,33:38.6
26/03/2024,34:54.6,card,ANON-0000-0000-0009,38.7,Hot Chocolate,18,Medium,26,3,2024,March,34:54.6
27/03/2024,04:51.2,card,ANON-0000-0000-0003,28.9,Cortado,11,Medium,27,3,2024,March,04:51.2
27/03/2024,05:58.2,card,ANON-0000-0000-0003,33.8,Americano with Milk,11,Medium,27,3,2024,March,05:58.2
27/03/2024,57:00.5,card,ANON-0000-0000-0082,33.8,Americano with Milk,12,Medium,27,3,2024,March,57:00.5
27/03/2024,35:20.0,card,ANON-0000-0000-0083,38.7,Hot Chocolate,13,Medium,27,3,2024,March,35:20.0
27/03/2024,22:31.7,card,ANON-0000-0000-0012,38.7,Cappuccino,14,Medium,27,3,2024,March,22:31.7
27/03/2024,23:35.4,card,ANON-0000-0000-0012,28.9,Americano,14,Medium,27,3,2024,March,23:35.4
27/03/2024,30:11.8,card,ANON-0000-0000-0084,28.9,Cortado,18,Medium,27,3,2024,March,30:11.8
27/03/2024,31:12.4,cash,Cash,40,Latte,19,Medium,27,3,2024,March,31:12.4
28/03/2024,24:47.1,card,ANON-0000-0000-0085,28.9,Cortado,14,Medium,28,3,2024,March,24:47.1
28/03/2024,24:46.2,card,ANON-0000-0000-0012,28.9,Cortado,17,Medium,28,3,2024,March,24:46.2
28/03/2024,27:05.3,card,ANON-0000-0000-0012,28.9,Americano,17,Medium,28,3,2024,March,27:05.3
28/03/2024,32:44.7,card,ANON-0000-0000-0086,38.7,Latte,17,Medium,28,3,2024,March,32:44.7
29/03/2024,56:19.5,card,ANON-0000-0000-0087,38.7,Latte,10,Medium,29,3,2024,March,56:19.5
29/03/2024,34:17.4,card,ANON-0000-0000-0088,38.7,Cappuccino,12,Medium,29,3,2024,March,34:17.4
29/03/2024,41:32.1,card,ANON-0000-0000-0088,38.7,Cappuccino,12,Medium,29,3,2024,March,41:32.1
29/03/2024,22:44.6,cash,Cash,40,Cappuccino,13,Medium,29,3,2024,March,22:44.6
30/03/2024,59:19.9,card,ANON-0000-0000-0069,38.7,Latte,11,Medium,30,3,2024,March,59:19.9
30/03/2024,49:25.8,cash,Cash,40,Cappuccino,13,Medium,30,3,2024,March,49:25.8
30/03/2024,12:31.8,card,ANON-0000-0000-0017,38.7,Latte,16,Medium,30,3,2024,March,12:31.8
30/03/2024,36:40.5,card,ANON-0000-0000-0009,38.7,Latte,16,Medium,30,3,2024,March,36:40.5
30/03/2024,37:57.6,card,ANON-0000-0000-0009,33.8,Americano with Milk,16,Medium,30,3,2024,March,37:57.6
31/03/2024,40:04.5,card,ANON-0000-0000-0089,38.7,Cappuccino,10,Medium,31,3,2024,March,40:04.5
31/03/2024,36:45.0,cash,Cash,30,Americano,19,Medium,31,3,2024,March,19:36:45
01/04/2024,28:47.6,card,ANON-0000-0000-0004,28.9,Americano,10,Medium,1,4,2024,April,28:47.6
01/04/2024,29:42.3,card,ANON-0000-0000-0004,33.8,Americano with Milk,10,Medium,1,4,2024,April,29:42.3
01/04/2024,30:43.7,card,ANON-0000-0000-0004,33.8,Americano with Milk,10,Medium,1,4,2024,April,30:43.7
01/04/2024,15:43.8,card,ANON-0000-0000-0009,33.8,Americano with Milk,11,Medium,1,4,2024,April,15:43.8
01/04/2024,01:42.9,cash,Cash,40,Cappuccino,17,Medium,1,4,2024,April,01:42.9
01/04/2024,18:42.4,card,ANON-0000-0000-0024,33.8,Americano with Milk,18,Medium,1,4,2024,April,18:42.4
01/04/2024,45:27.4,card,ANON-0000-0000-0090,38.7,Hot Chocolate,18,Medium,1,4,2024,April,45:27.4
02/04/2024,01:14.0,card,ANON-0000-0000-0001,38.7,Latte,10,Medium,2,4,2024,April,01:14.0
02/04/2024,18:34.2,card,ANON-0000-0000-0003,28.9,Americano,16,Medium,2,4,2024,April,18:34.2
02/04/2024,19:28.5,card,ANON-0000-0000-0003,28.9,Cortado,16,Medium,2,4,2024,April,19:28.5
02/04/2024,59:31.9,cash,Cash,40,Cappuccino,19,Medium,2,4,2024,April,59:31.9
03/04/2024,19:13.6,card,ANON-0000-0000-0003,28.9,Cortado,10,Medium,3,4,2024,April,19:13.6
03/04/2024,20:07.7,card,ANON-0000-0000-0003,28.9,Americano,10,Medium,3,4,2024,April,20:07.7
03/04/2024,12:05.4,card,ANON-0000-0000-0012,38.7,Cappuccino,13,Medium,3,4,2024,April,12:05.4
03/04/2024,36:11.7,cash,Cash,30,Cortado,15,Medium,3,4,2024,April,36:11.7
04/04/2024,44:56.0,card,ANON-0000-0000-0091,38.7,Latte,10,Medium,4,4,2024,April,44:56.0
04/04/2024,26:38.1,card,ANON-0000-0000-0092,38.7,Latte,11,Medium,4,4,2024,April,26:38.1
04/04/2024,27:48.4,card,ANON-0000-0000-0093,38.7,Cappuccino,11,Medium,4,4,2024,April,27:48.4
04/04/2024,23:02.2,card,ANON-0000-0000-0094,28.9,Cortado,12,Medium,4,4,2024,April,23:02.2
04/04/2024,42:07.7,cash,Cash,40,Latte,19,Medium,4,4,2024,April,42:07.7
05/04/2024,40:42.7,card,ANON-0000-0000-0095,28.9,Americano,10,Medium,5,4,2024,April,40:42.7
05/04/2024,42:06.2,card,ANON-0000-0000-0012,28.9,Americano,10,Medium,5,4,2024,April,42:06.2
05/04/2024,06:14.6,card,ANON-0000-0000-0096,28.9,Cortado,11,Medium,5,4,2024,April,06:14.6
05/04/2024,14:28.0,card,ANON-0000-0000-0097,33.8,Americano with Milk,12,Medium,5,4,2024,April,14:28.0
05/04/2024,23:40.4,card,ANON-0000-0000-0098,38.7,Latte,14,Medium,5,4,2024,April,23:40.4
05/04/2024,24:50.4,card,ANON-0000-0000-0098,28.9,Cortado,14,Medium,5,4,2024,April,24:50.4
05/04/2024,30:50.4,cash,Cash,40,Latte,15,Medium,5,4,2024,April,30:50.4
05/04/2024,54:15.8,cash,Cash,40,Cappuccino,15,Medium,5,4,2024,April,54:15.8
05/04/2024,55:30.9,cash,Cash,30,Americano,15,Medium,5,4,2024,April,55:30.9
05/04/2024,17:44.0,cash,Cash,40,Cocoa,16,Medium,5,4,2024,April,17:44.0
05/04/2024,18:23.6,card,ANON-0000-0000-0003,24,Espresso,16,Medium,5,4,2024,April,18:23.6
06/04/2024,32:31.4,card,ANON-0000-0000-0099,33.8,Americano with Milk,12,Medium,6,4,2024,April,32:31.4
06/04/2024,13:18.7,card,ANON-0000-0000-0040,38.7,Cappuccino,14,Medium,6,4,2024,April,13:18.7
06/04/2024,14:27.0,card,ANON-0000-0000-0040,28.9,Americano,14,Medium,6,4,2024,April,14:27.0
06/04/2024,49:50.2,card,ANON-0000-0000-0009,38.7,Latte,14,Medium,6,4,2024,April,49:50.2
07/04/2024,12:53.2,card,ANON-0000-0000-0091,38.7,Latte,10,Medium,7,4,2024,April,12:53.2
07/04/2024,44:31.9,card,ANON-0000-0000-0040,38.7,Cappuccino,12,Medium,7,4,2024,April,44:31.9
07/04/2024,46:05.1,card,ANON-0000-0000-0040,38.7,Cappuccino,12,Medium,7,4,2024,April,46:05.1
07/04/2024,16:24.9,card,ANON-0000-0000-0100,28.9,Cortado,14,Medium,7,4,2024,April,16:24.9
07/04/2024,17:30.6,card,ANON-0000-0000-0100,24,Espresso,14,Medium,7,4,2024,April,17:30.6
07/04/2024,01:16.6,card,ANON-0000-0000-0101,38.7,Hot Chocolate,18,Medium,7,4,2024,April,01:16.6
07/04/2024,02:03.9,card,ANON-0000-0000-0101,33.8,Americano with Milk,18,Medium,7,4,2024,April,02:03.9
08/04/2024,58:21.1,card,ANON-0000-0000-0102,33.8,Americano with Milk,10,Medium,8,4,2024,April,58:21.1
08/04/2024,59:27.6,card,ANON-0000-0000-0103,38.7,Cappuccino,10,Medium,8,4,2024,April,59:27.6
08/04/2024,01:20.5,card,ANON-0000-0000-0012,28.9,Americano,11,Medium,8,4,2024,April,01:20.5
08/04/2024,04:47.0,card,ANON-0000-0000-0104,38.7,Cappuccino,11,Medium,8,4,2024,April,04:47.0
08/04/2024,54:25.9,cash,Cash,25,Espresso,12,Medium,8,4,2024,April,54:25.9
08/04/2024,43:36.9,cash,Cash,35,Americano with Milk,15,Medium,8,4,2024,April,43:36.9
08/04/2024,41:37.8,card,ANON-0000-0000-0017,38.7,Latte,16,Medium,8,4,2024,April,41:37.8
08/04/2024,18:09.7,card,ANON-0000-0000-0105,28.9,Americano,18,Medium,8,4,2024,April,18:09.7
08/04/2024,22:27.5,card,ANON-0000-0000-0024,33.8,Americano with Milk,19,Medium,8,4,2024,April,22:27.5
08/04/2024,23:59.3,card,ANON-0000-0000-0106,38.7,Cappuccino,19,Medium,8,4,2024,April,23:59.3
09/04/2024,22:27.4,cash,Cash,40,Cappuccino,10,Medium,9,4,2024,April,22:27.4
09/04/2024,24:10.1,cash,Cash,30,Americano,10,Medium,9,4,2024,April,24:10.1
09/04/2024,42:28.5,card,ANON-0000-0000-0091,38.7,Latte,11,Medium,9,4,2024,April,42:28.5
09/04/2024,11:48.7,card,ANON-0000-0000-0107,38.7,Hot Chocolate,15,Medium,9,4,2024,April,11:48.7
09/04/2024,25:23.9,card,ANON-0000-0000-0049,38.7,Hot Chocolate,17,Medium,9,4,2024,April,25:23.9
10/04/2024,21:26.2,cash,Cash,25,Espresso,10,Medium,10,4,2024,April,21:26.2
10/04/2024,55:07.0,cash,Cash,40,Hot Chocolate,17,Medium,10,4,2024,April,55:07.0
10/04/2024,55:31.2,card,ANON-0000-0000-0108,24,Espresso,17,Medium,10,4,2024,April,55:31.2
10/04/2024,24:59.3,card,ANON-0000-0000-0009,38.7,Cappuccino,18,Medium,10,4,2024,April,24:59.3
10/04/2024,04:05.4,card,ANON-0000-0000-0109,38.7,Latte,20,Medium,10,4,2024,April,04:05.4
11/04/2024,41:23.2,card,ANON-0000-0000-0110,28.9,Americano,10,Medium,11,4,2024,April,41:23.2
11/04/2024,42:59.4,card,ANON-0000-0000-0110,28.9,Americano,10,Medium,11,4,2024,April,42:59.4
11/04/2024,35:23.1,card,ANON-0000-0000-0017,38.7,Latte,16,Medium,11,4,2024,April,35:23.1
11/04/2024,16:56.6,card,ANON-0000-0000-0106,38.7,Cappuccino,19,Medium,11,4,2024,April,16:56.6
11/04/2024,18:36.6,card,ANON-0000-0000-0024,33.8,Americano with Milk,19,Medium,11,4,2024,April,18:36.6
12/04/2024,03:43.4,card,ANON-0000-0000-0019,38.7,Hot Chocolate,19,Medium,12,4,2024,April,03:43.4
12/04/2024,38:23.2,card,ANON-0000-0000-0009,28.9,Cortado,19,Medium,12,4,2024,April,38:23.2
13/04/2024,29:19.8,card,ANON-0000-0000-0009,38.7,Latte,12,Medium,13,4,2024,April,29:19.8
13/04/2024,43:02.4,card,ANON-0000-0000-0012,28.9,Americano,12,Medium,13,4,2024,April,43:02.4
13/04/2024,06:52.3,cash,Cash,40,Hot Chocolate,15,Medium,13,4,2024,April,06:52.3
13/04/2024,07:56.0,cash,Cash,40,Hot Chocolate,15,Medium,13,4,2024,April,07:56.0
13/04/2024,18:03.9,card,ANON-0000-0000-0111,38.7,Cappuccino,16,Medium,13,4,2024,April,18:03.9
13/04/2024,19:39.8,card,ANON-0000-0000-0111,38.7,Latte,16,Medium,13,4,2024,April,19:39.8
13/04/2024,51:26.0,card,ANON-0000-0000-0112,38.7,Cappuccino,17,Medium,13,4,2024,April,51:26.0
13/04/2024,53:19.2,card,ANON-0000-0000-0012,38.7,Cappuccino,17,Medium,13,4,2024,April,53:19.2
14/04/2024,55:27.4,cash,Cash,40,Latte,10,Medium,14,4,2024,April,55:27.4
14/04/2024,24:39.0,card,ANON-0000-0000-0113,38.7,Cappuccino,12,Medium,14,4,2024,April,24:39.0
14/04/2024,27:09.0,cash,Cash,30,Cortado,12,Medium,14,4,2024,April,27:09.0
14/04/2024,29:06.9,cash,Cash,30,Cortado,12,Medium,14,4,2024,April,29:06.9
14/04/2024,31:36.0,cash,Cash,35,Americano with Milk,12,Medium,14,4,2024,April,31:36.0
14/04/2024,21:49.8,card,ANON-0000-0000-0114,28.9,Cortado,13,Medium,14,4,2024,April,21:49.8
14/04/2024,23:31.6,card,ANON-0000-0000-0012,28.9,Americano,14,Medium,14,4,2024,April,23:31.6
14/04/2024,24:26.9,card,ANON-0000-0000-0012,28.9,Americano,14,Medium,14,4,2024,April,24:26.9
14/04/2024,25:18.1,card,ANON-0000-0000-0012,28.9,Americano,14,Medium,14,4,2024,April,25:18.1
14/04/2024,46:27.7,card,ANON-0000-0000-0017,38.7,Cappuccino,15,Medium,14,4,2024,April,46:27.7
14/04/2024,59:54.8,card,ANON-0000-0000-0012,28.9,Cortado,16,Medium,14,4,2024,April,59:54.8
14/04/2024,00:45.4,card,ANON-0000-0000-0019,38.7,Latte,17,Medium,14,4,2024,April,00:45.4
14/04/2024,38:19.6,card,ANON-0000-0000-0115,38.7,Cappuccino,18,Medium,14,4,2024,April,38:19.6
15/04/2024,45:24.6,card,ANON-0000-0000-0064,28.9,Americano,11,Medium,15,4,2024,April,45:24.6
15/04/2024,01:46.4,card,ANON-0000-0000-0003,28.9,Americano,17,Medium,15,4,2024,April,01:46.4
15/04/2024,02:49.7,card,ANON-0000-0000-0004,33.8,Americano with Milk,17,Medium,15,4,2024,April,02:49.7
15/04/2024,33:03.0,card,ANON-0000-0000-0009,33.8,Americano with Milk,19,Medium,15,4,2024,April,33:03.0
15/04/2024,41:58.1,cash,Cash,25,Espresso,19,Medium,15,4,2024,April,41:58.1
16/04/2024,43:49.9,cash,Cash,35,Americano with Milk,10,Medium,16,4,2024,April,43:49.9
16/04/2024,46:25.7,card,ANON-0000-0000-0116,33.8,Americano with Milk,10,Medium,16,4,2024,April,46:25.7
16/04/2024,40:47.7,card,ANON-0000-0000-0117,38.7,Cocoa,12,Medium,16,4,2024,April,40:47.7
16/04/2024,52:07.7,card,ANON-0000-0000-0064,28.9,Cortado,12,Medium,16,4,2024,April,52:07.8
16/04/2024,03:16.9,card,ANON-0000-0000-0118,28.9,Americano,15,Medium,16,4,2024,April,03:16.9
16/04/2024,42:04.2,card,ANON-0000-0000-0024,33.8,Americano with Milk,17,Medium,16,4,2024,April,42:04.2
16/04/2024,43:23.0,card,ANON-0000-0000-0009,38.7,Cappuccino,17,Medium,16,4,2024,April,43:23.0
16/04/2024,09:05.3,card,ANON-0000-0000-0050,38.7,Cocoa,18,Medium,16,4,2024,April,09:05.3
17/04/2024,32:59.8,card,ANON-0000-0000-0012,28.9,Americano,13,Medium,17,4,2024,April,32:59.8
17/04/2024,44:00.2,card,ANON-0000-0000-0119,24,Espresso,13,Medium,17,4,2024,April,44:00.2
17/04/2024,13:24.3,cash,Cash,40,Cappuccino,16,Medium,17,4,2024,April,13:24.3
17/04/2024,01:35.1,card,ANON-0000-0000-0120,38.7,Cappuccino,17,Medium,17,4,2024,April,01:35.1
17/04/2024,02:40.7,card,ANON-0000-0000-0120,38.7,Cappuccino,17,Medium,17,4,2024,April,02:40.7
17/04/2024,14:03.2,card,ANON-0000-0000-0121,28.9,Cortado,18,Medium,17,4,2024,April,14:03.2
18/04/2024,19:01.7,card,ANON-0000-0000-0003,28.9,Americano,11,Medium,18,4,2024,April,19:01.7
18/04/2024,20:05.7,card,ANON-0000-0000-0003,28.9,Americano,11,Medium,18,4,2024,April,20:05.7
18/04/2024,49:12.7,card,ANON-0000-0000-0122,33.8,Americano with Milk,13,Medium,18,4,2024,April,49:12.7
18/04/2024,50:17.3,card,ANON-0000-0000-0122,28.9,Cortado,13,Medium,18,4,2024,April,50:17.3
18/04/2024,34:19.8,card,ANON-0000-0000-0123,38.7,Cappuccino,14,Medium,18,4,2024,April,34:19.8
18/04/2024,35:49.4,card,ANON-0000-0000-0123,38.7,Latte,14,Medium,18,4,2024,April,35:49.4
18/04/2024,44:15.8,card,ANON-0000-0000-0069,38.7,Latte,17,Medium,18,4,2024,April,44:15.8
18/04/2024,21:05.9,card,ANON-0000-0000-0085,38.7,Cappuccino,18,Medium,18,4,2024,April,21:05.9
18/04/2024,39:51.2,card,ANON-0000-0000-0024,38.7,Hot Chocolate,19,Medium,18,4,2024,April,39:51.2
18/04/2024,40:49.0,card,ANON-0000-0000-0009,38.7,Hot Chocolate,19,Medium,18,4,2024,April,40:49.0
19/04/2024,10:36.3,card,ANON-0000-0000-0001,38.7,Latte,10,Medium,19,4,2024,April,10:36.3
19/04/2024,11:47.8,card,ANON-0000-0000-0040,33.8,Americano with Milk,13,Medium,19,4,2024,April,11:47.8
19/04/2024,13:20.9,card,ANON-0000-0000-0040,38.7,Cappuccino,13,Medium,19,4,2024,April,13:20.9
19/04/2024,58:54.1,card,ANON-0000-0000-0124,38.7,Hot Chocolate,13,Medium,19,4,2024,April,58:54.1
19/04/2024,59:49.7,card,ANON-0000-0000-0124,38.7,Cappuccino,13,Medium,19,4,2024,April,59:49.7
19/04/2024,23:19.3,card,ANON-0000-0000-0024,38.7,Cocoa,18,Medium,19,4,2024,April,23:19.3
19/04/2024,25:33.4,card,ANON-0000-0000-0009,33.8,Americano with Milk,18,Medium,19,4,2024,April,25:33.4
20/04/2024,24:42.7,cash,Cash,35,Americano with Milk,11,Medium,20,4,2024,April,24:42.7
20/04/2024,08:35.7,card,ANON-0000-0000-0125,33.8,Americano with Milk,12,Medium,20,4,2024,April,08:35.7
20/04/2024,09:42.7,card,ANON-0000-0000-0125,33.8,Americano with Milk,12,Medium,20,4,2024,April,09:42.7
20/04/2024,08:37.4,card,ANON-0000-0000-0118,28.9,Americano,13,Medium,20,4,2024,April,08:37.4
20/04/2024,09:47.9,card,ANON-0000-0000-0118,33.8,Americano with Milk,13,Medium,20,4,2024,April,09:47.9
20/04/2024,10:55.2,card,ANON-0000-0000-0118,38.7,Hot Chocolate,13,Medium,20,4,2024,April,10:55.2
20/04/2024,44:18.1,card,ANON-0000-0000-0040,38.7,Cappuccino,14,Medium,20,4,2024,April,44:18.1
20/04/2024,11:00.3,card,ANON-0000-0000-0009,33.8,Americano with Milk,15,Medium,20,4,2024,April,11:00.3
20/04/2024,22:40.7,card,ANON-0000-0000-0012,32.82,Americano with Milk,15,Medium,20,4,2024,April,22:40.7
20/04/2024,49:25.1,card,ANON-0000-0000-0126,32.82,Americano with Milk,15,Medium,20,4,2024,April,49:25.1
20/04/2024,07:58.0,cash,Cash,39,Cocoa,17,Medium,20,4,2024,April,07:58.0
20/04/2024,27:41.5,card,ANON-0000-0000-0127,37.72,Cappuccino,18,Medium,20,4,2024,April,27:41.5
20/04/2024,28:46.9,card,ANON-0000-0000-0127,37.72,Cappuccino,18,Medium,20,4,2024,April,28:46.9
20/04/2024,30:55.3,card,ANON-0000-0000-0128,37.72,Latte,19,Medium,20,4,2024,April,30:55.3
21/04/2024,16:45.7,card,ANON-0000-0000-0001,37.72,Latte,11,Medium,21,4,2024,April,16:45.7
21/04/2024,15:37.5,card,ANON-0000-0000-0099,27.92,Americano,14,Medium,21,4,2024,April,15:37.5
21/04/2024,09:03.2,cash,Cash,39,Cappuccino,17,Medium,21,4,2024,April,09:03.2
22/04/2024,09:16.4,card,ANON-0000-0000-0012,27.92,Americano,11,Medium,22,4,2024,April,09:16.4
22/04/2024,29:27.1,card,ANON-0000-0000-0129,32.82,Americano with Milk,11,Medium,22,4,2024,April,29:27.1
22/04/2024,40:33.0,cash,Cash,39,Latte,18,Medium,22,4,2024,April,40:33.0
22/04/2024,39:04.8,card,ANON-0000-0000-0009,37.72,Latte,19,Medium,22,4,2024,April,39:04.8
22/04/2024,02:29.2,cash,Cash,39,Cappuccino,20,Medium,22,4,2024,April,02:29.2
23/04/2024,22:36.0,card,ANON-0000-0000-0025,37.72,Cappuccino,14,Medium,23,4,2024,April,22:36.0
23/04/2024,23:53.1,card,ANON-0000-0000-0024,32.82,Americano with Milk,14,Medium,23,4,2024,April,23:53.1
23/04/2024,24:57.5,card,ANON-0000-0000-0009,37.72,Cappuccino,14,Medium,23,4,2024,April,24:57.5
23/04/2024,42:27.8,card,ANON-0000-0000-0130,32.82,Americano with Milk,19,Medium,23,4,2024,April,42:27.8
23/04/2024,43:26.2,card,ANON-0000-0000-0130,32.82,Americano with Milk,19,Medium,23,4,2024,April,43:26.2
24/04/2024,19:38.3,card,ANON-0000-0000-0001,37.72,Latte,10,Medium,24,4,2024,April,19:38.3
24/04/2024,21:27.3,card,ANON-0000-0000-0131,32.82,Americano with Milk,10,Medium,24,4,2024,April,21:27.3
24/04/2024,23:46.1,card,ANON-0000-0000-0132,32.82,Americano with Milk,11,Medium,24,4,2024,April,23:46.1
24/04/2024,33:26.3,card,ANON-0000-0000-0133,32.82,Americano with Milk,11,Medium,24,4,2024,April,33:26.3
24/04/2024,39:09.3,card,ANON-0000-0000-0059,32.82,Americano with Milk,12,Medium,24,4,2024,April,39:09.3
24/04/2024,39:07.4,card,ANON-0000-0000-0009,32.82,Americano with Milk,16,Medium,24,4,2024,April,39:07.4
24/04/2024,39:50.0,card,ANON-0000-0000-0134,32.82,Americano with Milk,19,Medium,24,4,2024,April,39:50.0
24/04/2024,40:54.0,card,ANON-0000-0000-0134,37.72,Cappuccino,19,Medium,24,4,2024,April,40:54.0
25/04/2024,46:08.1,card,ANON-0000-0000-0135,27.92,Americano,10,Medium,25,4,2024,April,46:08.1
25/04/2024,18:27.0,card,ANON-0000-0000-0009,37.72,Latte,15,Medium,25,4,2024,April,18:27.0
25/04/2024,09:43.5,card,ANON-0000-0000-0012,27.92,Americano,17,Medium,25,4,2024,April,09:43.5
25/04/2024,10:49.2,card,ANON-0000-0000-0012,27.92,Americano,17,Medium,25,4,2024,April,10:49.2
26/04/2024,12:50.6,card,ANON-0000-0000-0001,37.72,Latte,10,Medium,26,4,2024,April,12:50.6
26/04/2024,01:30.6,card,ANON-0000-0000-0136,37.72,Latte,12,Medium,26,4,2024,April,01:30.6
26/04/2024,31:28.3,card,ANON-0000-0000-0137,37.72,Cappuccino,13,Medium,26,4,2024,April,31:28.3
26/04/2024,32:35.4,card,ANON-0000-0000-0012,27.92,Americano,15,Medium,26,4,2024,April,32:35.4
26/04/2024,33:33.1,card,ANON-0000-0000-0012,27.92,Americano,15,Medium,26,4,2024,April,33:33.1
26/04/2024,23:26.5,card,ANON-0000-0000-0138,27.92,Cortado,16,Medium,26,4,2024,April,23:26.5
26/04/2024,24:33.8,card,ANON-0000-0000-0139,27.92,Americano,16,Medium,26,4,2024,April,24:33.8
26/04/2024,32:07.1,card,ANON-0000-0000-0009,37.72,Hot Chocolate,19,Medium,26,4,2024,April,32:07.1
26/04/2024,33:30.2,card,ANON-0000-0000-0009,37.72,Cocoa,19,Medium,26,4,2024,April,33:30.2
27/04/2024,27:00.7,card,ANON-0000-0000-0009,37.72,Cappuccino,15,Medium,27,4,2024,April,27:00.7
28/04/2024,32:52.5,card,ANON-0000-0000-0001,37.72,Latte,10,Medium,28,4,2024,April,32:52.5
28/04/2024,30:09.7,card,ANON-0000-0000-0140,37.72,Cappuccino,12,Medium,28,4,2024,April,30:09.7
28/04/2024,27:08.2,card,ANON-0000-0000-0012,27.92,Americano,18,Medium,28,4,2024,April,27:08.2
28/04/2024,28:11.4,card,ANON-0000-0000-0012,27.92,Americano,18,Medium,28,4,2024,April,28:11.4
28/04/2024,29:02.4,card,ANON-0000-0000-0019,37.72,Latte,18,Medium,28,4,2024,April,29:02.4
29/04/2024,26:31.9,card,ANON-0000-0000-0141,27.92,Cortado,11,Medium,29,4,2024,April,26:31.9
29/04/2024,27:56.9,card,ANON-0000-0000-0003,27.92,Americano,13,Medium,29,4,2024,April,27:56.9
29/04/2024,28:53.9,card,ANON-0000-0000-0003,27.92,Cortado,13,Medium,29,4,2024,April,28:53.9
29/04/2024,53:35.7,card,ANON-0000-0000-0141,27.92,Cortado,13,Medium,29,4,2024,April,53:35.7
29/04/2024,54:24.4,card,ANON-0000-0000-0141,32.82,Americano with Milk,13,Medium,29,4,2024,April,54:24.4
29/04/2024,37:48.4,card,ANON-0000-0000-0140,37.72,Cappuccino,18,Medium,29,4,2024,April,37:48.4
29/04/2024,12:33.2,card,ANON-0000-0000-0134,37.72,Cappuccino,19,Medium,29,4,2024,April,12:33.2
29/04/2024,13:37.9,card,ANON-0000-0000-0134,37.72,Cappuccino,19,Medium,29,4,2024,April,13:37.9
30/04/2024,16:41.5,card,ANON-0000-0000-0142,37.72,Latte,10,Medium,30,4,2024,April,16:41.5
30/04/2024,34:52.2,card,ANON-0000-0000-0142,32.82,Americano with Milk,10,Medium,30,4,2024,April,34:52.2
30/04/2024,35:47.6,card,ANON-0000-0000-0142,32.82,Americano with Milk,10,Medium,30,4,2024,April,35:47.6
30/04/2024,41:52.3,card,ANON-0000-0000-0142,27.92,Americano,13,Medium,30,4,2024,April,41:52.3
30/04/2024,43:00.0,card,ANON-0000-0000-0142,32.82,Americano with Milk,13,Medium,30,4,2024,April,43:00.0
30/04/2024,19:18.1,card,ANON-0000-0000-0142,37.72,Cappuccino,19,Medium,30,4,2024,April,19:18.1
30/04/2024,30:04.0,card,ANON-0000-0000-0142,32.82,Americano with Milk,19,Medium,30,4,2024,April,30:04.0
30/04/2024,31:21.0,card,ANON-0000-0000-0142,37.72,Latte,19,Medium,30,4,2024,April,31:21.0
02/05/2024,33:55.7,card,ANON-0000-0000-0143,27.92,Americano,10,Medium,2,5,2024,May,33:55.7
02/05/2024,29:57.1,cash,Cash,39,Latte,11,Medium,2,5,2024,May,29:57.1
02/05/2024,49:39.9,card,ANON-0000-0000-0133,32.82,Americano with Milk,13,Medium,2,5,2024,May,49:39.9
02/05/2024,36:22.1,card,ANON-0000-0000-0144,37.72,Cappuccino,18,Medium,2,5,2024,May,36:22.1
02/05/2024,41:11.2,card,ANON-0000-0000-0024,32.82,Americano with Milk,18,Medium,2,5,2024,May,41:11.2
02/05/2024,18:33.1,card,ANON-0000-0000-0145,37.72,Latte,19,Medium,2,5,2024,May,18:33.1
02/05/2024,19:56.4,card,ANON-0000-0000-0145,37.72,Cappuccino,19,Medium,2,5,2024,May,19:56.4
03/05/2024,11:53.4,cash,Cash,39,Latte,10,Medium,3,5,2024,May,11:53.4
03/05/2024,30:00.9,card,ANON-0000-0000-0146,37.72,Latte,14,Medium,3,5,2024,May,30:00.9
03/05/2024,03:24.9,card,ANON-0000-0000-0147,37.72,Latte,17,Medium,3,5,2024,May,03:24.9
06/05/2024,05:17.9,card,ANON-0000-0000-0148,27.92,Americano,10,Medium,6,5,2024,May,05:17.9
06/05/2024,06:51.6,card,ANON-0000-0000-0149,37.72,Cappuccino,10,Medium,6,5,2024,May,06:51.6
06/05/2024,08:05.9,card,ANON-0000-0000-0149,32.82,Americano with Milk,10,Medium,6,5,2024,May,08:05.9
06/05/2024,09:08.0,card,ANON-0000-0000-0150,27.92,Americano,10,Medium,6,5,2024,May,09:08.0
06/05/2024,39:12.6,card,ANON-0000-0000-0141,27.92,Cortado,10,Medium,6,5,2024,May,39:12.6
06/05/2024,34:20.6,cash,Cash,29,Americano,11,Medium,6,5,2024,May,34:20.6
06/05/2024,18:11.0,card,ANON-0000-0000-0148,27.92,Cortado,13,Medium,6,5,2024,May,18:11.0
06/05/2024,19:00.8,card,ANON-0000-0000-0148,27.92,Americano,13,Medium,6,5,2024,May,19:00.8
06/05/2024,18:13.0,card,ANON-0000-0000-0151,37.72,Cappuccino,19,Medium,6,5,2024,May,18:13.0
06/05/2024,19:49.5,card,ANON-0000-0000-0151,37.72,Cappuccino,19,Medium,6,5,2024,May,19:49.5
07/05/2024,44:55.6,card,ANON-0000-0000-0148,37.72,Cocoa,10,Medium,7,5,2024,May,44:55.6
07/05/2024,21:58.5,card,ANON-0000-0000-0141,27.92,Cortado,11,Medium,7,5,2024,May,21:58.5
07/05/2024,23:34.9,card,ANON-0000-0000-0077,27.92,Cortado,13,Medium,7,5,2024,May,23:34.9
07/05/2024,42:07.9,card,ANON-0000-0000-0148,37.72,Cocoa,16,Medium,7,5,2024,May,42:07.9
07/05/2024,55:38.8,card,ANON-0000-0000-0152,27.92,Americano,16,Medium,7,5,2024,May,55:38.8
07/05/2024,37:46.4,card,ANON-0000-0000-0153,37.72,Cappuccino,17,Medium,7,5,2024,May,37:46.4
07/05/2024,38:48.2,card,ANON-0000-0000-0153,37.72,Latte,17,Medium,7,5,2024,May,38:48.2
07/05/2024,35:37.2,cash,Cash,34,Americano with Milk,18,Medium,7,5,2024,May,35:37.2
07/05/2024,12:12.5,card,ANON-0000-0000-0154,37.72,Cappuccino,19,Medium,7,5,2024,May,12:12.5
07/05/2024,13:12.2,card,ANON-0000-0000-0154,37.72,Cappuccino,19,Medium,7,5,2024,May,13:12.2
08/05/2024,07:28.9,card,ANON-0000-0000-0001,37.72,Latte,10,Medium,8,5,2024,May,07:28.9
09/05/2024,54:21.8,card,ANON-0000-0000-0155,37.72,Cappuccino,12,Medium,9,5,2024,May,54:21.8
09/05/2024,03:58.6,card,ANON-0000-0000-0156,27.92,Americano,13,Medium,9,5,2024,May,03:58.6
09/05/2024,04:57.6,card,ANON-0000-0000-0156,37.72,Latte,13,Medium,9,5,2024,May,04:57.6
09/05/2024,06:11.3,card,ANON-0000-0000-0156,37.72,Latte,13,Medium,9,5,2024,May,06:11.3
09/05/2024,07:16.4,card,ANON-0000-0000-0156,37.72,Latte,13,Medium,9,5,2024,May,07:16.4
09/05/2024,55:14.6,card,ANON-0000-0000-0118,27.92,Americano,16,Medium,9,5,2024,May,55:14.6
09/05/2024,56:15.0,card,ANON-0000-0000-0118,27.92,Americano,16,Medium,9,5,2024,May,56:15.0
09/05/2024,01:29.9,card,ANON-0000-0000-0157,27.92,Americano,18,Medium,9,5,2024,May,01:29.9
09/05/2024,13:56.2,card,ANON-0000-0000-0143,32.82,Americano with Milk,18,Medium,9,5,2024,May,13:56.2
10/05/2024,09:22.0,cash,Cash,39,Latte,10,Medium,10,5,2024,May,09:22.0
10/05/2024,46:21.5,card,ANON-0000-0000-0158,37.72,Latte,15,Medium,10,5,2024,May,46:21.5
10/05/2024,47:32.5,card,ANON-0000-0000-0158,37.72,Latte,15,Medium,10,5,2024,May,47:32.5
10/05/2024,20:15.1,cash,Cash,34,Americano with Milk,16,Medium,10,5,2024,May,20:15.1
11/05/2024,39:52.9,card,ANON-0000-0000-0069,37.72,Latte,11,Medium,11,5,2024,May,39:52.9
11/05/2024,02:43.6,cash,Cash,39,Latte,17,Medium,11,5,2024,May,02:43.6
11/05/2024,20:30.4,card,ANON-0000-0000-0009,32.82,Americano with Milk,17,Medium,11,5,2024,May,20:30.4
11/05/2024,21:56.1,card,ANON-0000-0000-0026,37.72,Cocoa,17,Medium,11,5,2024,May,21:56.1
11/05/2024,23:57.3,card,ANON-0000-0000-0040,37.72,Cappuccino,17,Medium,11,5,2024,May,23:57.3
11/05/2024,28:54.1,card,ANON-0000-0000-0012,32.82,Americano with Milk,17,Medium,11,5,2024,May,28:54.1
11/05/2024,35:40.3,card,ANON-0000-0000-0115,37.72,Cappuccino,18,Medium,11,5,2024,May,35:40.3
11/05/2024,38:16.1,card,ANON-0000-0000-0159,37.72,Latte,19,Medium,11,5,2024,May,38:16.1
12/05/2024,20:42.5,card,ANON-0000-0000-0001,37.72,Latte,10,Medium,12,5,2024,May,20:42.5
12/05/2024,24:03.5,card,ANON-0000-0000-0160,37.72,Latte,13,Medium,12,5,2024,May,24:03.5
12/05/2024,27:39.0,card,ANON-0000-0000-0161,27.92,Americano,13,Medium,12,5,2024,May,27:39.0
12/05/2024,16:19.8,card,ANON-0000-0000-0077,37.72,Latte,15,Medium,12,5,2024,May,16:19.8
12/05/2024,38:02.4,card,ANON-0000-0000-0162,32.82,Americano with Milk,15,Medium,12,5,2024,May,38:02.4
12/05/2024,52:14.9,card,ANON-0000-0000-0163,32.82,Americano with Milk,15,Medium,12,5,2024,May,52:14.9
12/05/2024,04:21.1,card,ANON-0000-0000-0012,32.82,Americano with Milk,16,Medium,12,5,2024,May,04:21.1
12/05/2024,41:30.6,card,ANON-0000-0000-0009,32.82,Americano with Milk,19,Medium,12,5,2024,May,41:30.6
13/05/2024,03:53.3,card,ANON-0000-0000-0164,32.82,Americano with Milk,11,Medium,13,5,2024,May,03:53.3
13/05/2024,31:10.8,cash,Cash,29,Americano,15,Medium,13,5,2024,May,31:10.8
13/05/2024,31:50.9,cash,Cash,29,Americano,15,Medium,13,5,2024,May,31:50.9
14/05/2024,38:14.6,card,ANON-0000-0000-0012,27.92,Americano,8,Medium,14,5,2024,May,38:14.6
14/05/2024,39:25.5,card,ANON-0000-0000-0012,27.92,Americano,8,Medium,14,5,2024,May,39:25.5
14/05/2024,40:17.5,card,ANON-0000-0000-0012,27.92,Americano,8,Medium,14,5,2024,May,40:17.5
14/05/2024,19:23.2,card,ANON-0000-0000-0012,37.72,Cappuccino,10,Medium,14,5,2024,May,19:23.2
14/05/2024,32:29.4,card,ANON-0000-0000-0165,37.72,Latte,11,Medium,14,5,2024,May,32:29.4
14/05/2024,34:12.9,card,ANON-0000-0000-0165,37.72,Cappuccino,11,Medium,14,5,2024,May,34:12.9
14/05/2024,04:54.6,card,ANON-0000-0000-0025,37.72,Cappuccino,14,Medium,14,5,2024,May,04:54.6
14/05/2024,06:00.4,card,ANON-0000-0000-0009,32.82,Americano with Milk,14,Medium,14,5,2024,May,06:00.4
14/05/2024,01:54.8,card,ANON-0000-0000-0040,27.92,Americano,15,Medium,14,5,2024,May,01:54.8
14/05/2024,57:57.2,card,ANON-0000-0000-0166,32.82,Americano with Milk,16,Medium,14,5,2024,May,57:57.2
14/05/2024,59:10.2,card,ANON-0000-0000-0166,37.72,Cappuccino,16,Medium,14,5,2024,May,59:10.2
14/05/2024,51:25.2,card,ANON-0000-0000-0167,37.72,Hot Chocolate,22,Medium,14,5,2024,May,51:25.2
15/05/2024,40:05.7,card,ANON-0000-0000-0168,37.72,Latte,8,Medium,15,5,2024,May,40:05.7
15/05/2024,14:19.4,card,ANON-0000-0000-0012,23.02,Espresso,11,Medium,15,5,2024,May,14:19.4
15/05/2024,19:10.0,card,ANON-0000-0000-0012,27.92,Americano,11,Medium,15,5,2024,May,19:10.0
15/05/2024,34:35.1,card,ANON-0000-0000-0003,27.92,Americano,13,Medium,15,5,2024,May,34:35.1
15/05/2024,35:29.2,card,ANON-0000-0000-0003,27.92,Americano,13,Medium,15,5,2024,May,35:29.2
15/05/2024,36:27.3,card,ANON-0000-0000-0003,27.92,Americano,13,Medium,15,5,2024,May,36:27.3
15/05/2024,55:29.0,card,ANON-0000-0000-0164,32.82,Americano with Milk,13,Medium,15,5,2024,May,55:29.0
15/05/2024,38:10.8,cash,Cash,29,Americano,14,Medium,15,5,2024,May,38:10.8
15/05/2024,38:52.3,card,ANON-0000-0000-0169,27.92,Cortado,14,Medium,15,5,2024,May,38:52.3
15/05/2024,39:44.4,card,ANON-0000-0000-0012,27.92,Cortado,14,Medium,15,5,2024,May,39:44.4
15/05/2024,28:58.6,card,ANON-0000-0000-0170,23.02,Espresso,17,Medium,15,5,2024,May,28:58.6
15/05/2024,20:34.8,card,ANON-0000-0000-0171,37.72,Cappuccino,20,Medium,15,5,2024,May,20:34.8
16/05/2024,38:42.5,card,ANON-0000-0000-0097,32.82,Americano with Milk,10,Medium,16,5,2024,May,38:42.5
16/05/2024,39:49.4,card,ANON-0000-0000-0172,32.82,Americano with Milk,10,Medium,16,5,2024,May,39:49.4
16/05/2024,42:50.3,cash,Cash,39,Latte,11,Medium,16,5,2024,May,42:50.3
16/05/2024,44:20.8,cash,Cash,39,Cappuccino,11,Medium,16,5,2024,May,44:20.8
16/05/2024,14:00.1,card,ANON-0000-0000-0173,32.82,Americano with Milk,12,Medium,16,5,2024,May,14:00.1
16/05/2024,15:16.3,card,ANON-0000-0000-0174,37.72,Hot Chocolate,15,Medium,16,5,2024,May,15:16.3
16/05/2024,44:31.5,card,ANON-0000-0000-0069,37.72,Latte,17,Medium,16,5,2024,May,44:31.5
16/05/2024,12:56.9,card,ANON-0000-0000-0175,37.72,Hot Chocolate,18,Medium,16,5,2024,May,12:56.9
16/05/2024,13:58.2,card,ANON-0000-0000-0175,37.72,Latte,18,Medium,16,5,2024,May,13:58.2
17/05/2024,00:48.5,card,ANON-0000-0000-0033,27.92,Americano,9,Medium,17,5,2024,May,00:48.5
17/05/2024,30:27.6,card,ANON-0000-0000-0164,32.82,Americano with Milk,11,Medium,17,5,2024,May,30:27.6
17/05/2024,58:03.1,cash,Cash,34,Americano with Milk,14,Medium,17,5,2024,May,58:03.1
17/05/2024,55:18.5,card,ANON-0000-0000-0012,32.82,Americano with Milk,19,Medium,17,5,2024,May,55:18.5
17/05/2024,56:46.8,card,ANON-0000-0000-0009,37.72,Cappuccino,19,Medium,17,5,2024,May,56:46.8
17/05/2024,37:52.9,card,ANON-0000-0000-0176,37.72,Cappuccino,20,Medium,17,5,2024,May,37:52.9
17/05/2024,34:50.8,card,ANON-0000-0000-0177,27.92,Americano,22,Medium,17,5,2024,May,34:50.8
17/05/2024,36:33.4,card,ANON-0000-0000-0178,37.72,Latte,22,Medium,17,5,2024,May,36:33.4
17/05/2024,37:42.8,card,ANON-0000-0000-0179,37.72,Latte,22,Medium,17,5,2024,May,37:42.8
18/05/2024,01:37.9,card,ANON-0000-0000-0180,37.72,Cappuccino,8,Medium,18,5,2024,May,01:37.9
18/05/2024,02:40.0,card,ANON-0000-0000-0180,37.72,Cappuccino,8,Medium,18,5,2024,May,02:40.0
18/05/2024,15:56.1,card,ANON-0000-0000-0181,32.82,Americano with Milk,11,Medium,18,5,2024,May,15:56.1
18/05/2024,48:29.4,card,ANON-0000-0000-0172,32.82,Americano with Milk,16,Medium,18,5,2024,May,48:29.4
18/05/2024,49:27.1,card,ANON-0000-0000-0097,32.82,Americano with Milk,16,Medium,18,5,2024,May,49:27.1
18/05/2024,58:44.2,card,ANON-0000-0000-0040,32.82,Americano with Milk,19,Medium,18,5,2024,May,58:44.2
18/05/2024,22:53.1,card,ANON-0000-0000-0009,37.72,Latte,20,Medium,18,5,2024,May,22:53.1
18/05/2024,05:27.5,cash,Cash,39,Cappuccino,22,Medium,18,5,2024,May,05:27.5
19/05/2024,58:38.3,card,ANON-0000-0000-0182,27.92,Americano,7,Medium,19,5,2024,May,58:38.3
19/05/2024,59:33.5,card,ANON-0000-0000-0182,27.92,Americano,7,Medium,19,5,2024,May,59:33.5
19/05/2024,00:35.1,card,ANON-0000-0000-0183,37.72,Cappuccino,8,Medium,19,5,2024,May,00:35.1
19/05/2024,28:49.7,cash,Cash,24,Espresso,9,Medium,19,5,2024,May,28:49.7
19/05/2024,14:26.7,card,ANON-0000-0000-0184,32.82,Americano with Milk,12,Medium,19,5,2024,May,14:26.7
19/05/2024,43:40.0,card,ANON-0000-0000-0012,27.92,Americano,14,Medium,19,5,2024,May,43:40.0
19/05/2024,58:58.2,card,ANON-0000-0000-0185,32.82,Americano with Milk,15,Medium,19,5,2024,May,58:58.2
19/05/2024,12:36.3,card,ANON-0000-0000-0186,32.82,Americano with Milk,18,Medium,19,5,2024,May,12:36.3
19/05/2024,13:47.8,card,ANON-0000-0000-0186,23.02,Espresso,18,Medium,19,5,2024,May,13:47.8
19/05/2024,16:30.0,card,ANON-0000-0000-0186,37.72,Hot Chocolate,18,Medium,19,5,2024,May,16:30.0
19/05/2024,51:07.0,card,ANON-0000-0000-0187,37.72,Cappuccino,19,Medium,19,5,2024,May,51:07.0
19/05/2024,15:41.8,card,ANON-0000-0000-0188,37.72,Cappuccino,21,Medium,19,5,2024,May,15:41.8
19/05/2024,18:36.1,card,ANON-0000-0000-0189,37.72,Cappuccino,21,Medium,19,5,2024,May,18:36.1
20/05/2024,05:59.2,card,ANON-0000-0000-0190,32.82,Americano with Milk,10,Medium,20,5,2024,May,05:59.2
20/05/2024,17:51.9,card,ANON-0000-0000-0191,37.72,Latte,10,Medium,20,5,2024,May,17:51.9
20/05/2024,58:48.4,card,ANON-0000-0000-0001,37.72,Latte,10,Medium,20,5,2024,May,58:48.4
20/05/2024,15:16.4,card,ANON-0000-0000-0143,27.92,Americano,11,Medium,20,5,2024,May,15:16.4
20/05/2024,16:19.6,card,ANON-0000-0000-0143,27.92,Americano,11,Medium,20,5,2024,May,16:19.6
20/05/2024,27:13.4,card,ANON-0000-0000-0003,27.92,Americano,13,Medium,20,5,2024,May,27:13.4
20/05/2024,28:10.4,card,ANON-0000-0000-0003,27.92,Americano,13,Medium,20,5,2024,May,28:10.4
20/05/2024,13:19.0,card,ANON-0000-0000-0192,32.82,Americano with Milk,14,Medium,20,5,2024,May,13:19.0
20/05/2024,14:31.4,card,ANON-0000-0000-0192,37.72,Cappuccino,14,Medium,20,5,2024,May,14:31.4
20/05/2024,32:21.3,cash,Cash,29,Americano,14,Medium,20,5,2024,May,32:21.3
20/05/2024,12:51.1,card,ANON-0000-0000-0120,37.72,Latte,17,Medium,20,5,2024,May,12:51.1
20/05/2024,13:56.9,card,ANON-0000-0000-0193,37.72,Latte,17,Medium,20,5,2024,May,13:56.9
20/05/2024,36:48.3,card,ANON-0000-0000-0194,32.82,Americano with Milk,20,Medium,20,5,2024,May,36:48.3
20/05/2024,37:57.3,card,ANON-0000-0000-0194,37.72,Cocoa,20,Medium,20,5,2024,May,37:57.3
20/05/2024,46:52.1,card,ANON-0000-0000-0195,27.92,Cortado,20,Medium,20,5,2024,May,46:52.1
20/05/2024,36:54.0,card,ANON-0000-0000-0012,32.82,Americano with Milk,21,Medium,20,5,2024,May,36:54.0
20/05/2024,37:57.8,card,ANON-0000-0000-0012,32.82,Americano with Milk,21,Medium,20,5,2024,May,37:57.8
21/05/2024,27:38.2,card,ANON-0000-0000-0196,37.72,Latte,8,Medium,21,5,2024,May,27:38.2
21/05/2024,43:50.7,cash,Cash,29,Americano,9,Medium,21,5,2024,May,43:50.7
21/05/2024,44:40.3,cash,Cash,34,Americano with Milk,9,Medium,21,5,2024,May,44:40.3
21/05/2024,46:09.4,cash,Cash,39,Cocoa,9,Medium,21,5,2024,May,46:09.4
21/05/2024,05:08.0,cash,Cash,39,Latte,10,Medium,21,5,2024,May,05:08.0
21/05/2024,10:20.0,card,ANON-0000-0000-0197,37.72,Latte,16,Medium,21,5,2024,May,10:20.0
21/05/2024,13:24.0,card,ANON-0000-0000-0012,23.02,Espresso,18,Medium,21,5,2024,May,13:24.0
21/05/2024,11:09.2,card,ANON-0000-0000-0198,37.72,Cappuccino,19,Medium,21,5,2024,May,11:09.2
21/05/2024,13:48.4,card,ANON-0000-0000-0199,37.72,Cappuccino,20,Medium,21,5,2024,May,13:48.4
22/05/2024,34:41.8,card,ANON-0000-0000-0200,37.72,Cappuccino,9,Medium,22,5,2024,May,34:41.8
22/05/2024,49:47.0,card,ANON-0000-0000-0191,32.82,Americano with Milk,10,Medium,22,5,2024,May,49:47.0
22/05/2024,18:14.3,card,ANON-0000-0000-0141,27.92,Cortado,11,Medium,22,5,2024,May,18:14.3
22/05/2024,34:55.0,card,ANON-0000-0000-0097,32.82,Americano with Milk,11,Medium,22,5,2024,May,34:55.0
22/05/2024,29:50.8,card,ANON-0000-0000-0012,27.92,Americano,12,Medium,22,5,2024,May,29:50.8
22/05/2024,30:43.3,card,ANON-0000-0000-0012,27.92,Americano,12,Medium,22,5,2024,May,30:43.3
22/05/2024,00:20.5,card,ANON-0000-0000-0009,32.82,Americano with Milk,14,Medium,22,5,2024,May,00:20.5
22/05/2024,24:58.1,card,ANON-0000-0000-0134,37.72,Cappuccino,19,Medium,22,5,2024,May,24:58.1
22/05/2024,25:58.6,card,ANON-0000-0000-0134,37.72,Cappuccino,19,Medium,22,5,2024,May,25:58.6
22/05/2024,23:53.0,card,ANON-0000-0000-0180,37.72,Hot Chocolate,21,Medium,22,5,2024,May,21:23:53
22/05/2024,24:49.6,card,ANON-0000-0000-0180,37.72,Cappuccino,21,Medium,22,5,2024,May,24:49.6
23/05/2024,10:19.6,card,ANON-0000-0000-0201,37.72,Cappuccino,10,Medium,23,5,2024,May,10:19.6
23/05/2024,22:06.6,card,ANON-0000-0000-0202,23.02,Espresso,12,Medium,23,5,2024,May,22:06.6
23/05/2024,55:16.6,card,ANON-0000-0000-0180,37.72,Cappuccino,15,Medium,23,5,2024,May,55:16.6
23/05/2024,56:27.2,card,ANON-0000-0000-0203,37.72,Cappuccino,15,Medium,23,5,2024,May,56:27.2
23/05/2024,18:14.1,card,ANON-0000-0000-0180,37.72,Cappuccino,16,Medium,23,5,2024,May,18:14.1
23/05/2024,41:00.0,card,ANON-0000-0000-0077,37.72,Latte,16,Medium,23,5,2024,May,41:00.0
23/05/2024,14:33.2,card,ANON-0000-0000-0153,37.72,Cappuccino,17,Medium,23,5,2024,May,14:33.2
23/05/2024,15:44.9,card,ANON-0000-0000-0153,37.72,Latte,17,Medium,23,5,2024,May,15:44.9
23/05/2024,03:53.9,card,ANON-0000-0000-0204,27.92,Cortado,19,Medium,23,5,2024,May,03:53.9
23/05/2024,17:28.4,card,ANON-0000-0000-0134,37.72,Cappuccino,19,Medium,23,5,2024,May,17:28.4
23/05/2024,18:26.4,card,ANON-0000-0000-0205,37.72,Cappuccino,19,Medium,23,5,2024,May,18:26.4
23/05/2024,42:31.5,card,ANON-0000-0000-0206,37.72,Cappuccino,19,Medium,23,5,2024,May,42:31.5
23/05/2024,15:01.4,card,ANON-0000-0000-0207,37.72,Cappuccino,20,Medium,23,5,2024,May,15:01.4
23/05/2024,16:24.2,card,ANON-0000-0000-0207,37.72,Latte,20,Medium,23,5,2024,May,16:24.2
23/05/2024,48:10.8,card,ANON-0000-0000-0208,32.82,Americano with Milk,22,Medium,23,5,2024,May,48:10.8
23/05/2024,55:36.9,cash,Cash,39,Hot Chocolate,22,Medium,23,5,2024,May,55:36.9
24/05/2024,11:59.2,card,ANON-0000-0000-0141,27.92,Cortado,11,Medium,24,5,2024,May,11:59.2
24/05/2024,15:08.3,card,ANON-0000-0000-0012,27.92,Americano,11,Medium,24,5,2024,May,15:08.3
24/05/2024,16:13.0,card,ANON-0000-0000-0012,27.92,Americano,11,Medium,24,5,2024,May,16:13.0
24/05/2024,07:19.8,card,ANON-0000-0000-0081,37.72,Hot Chocolate,16,Medium,24,5,2024,May,07:19.8
24/05/2024,17:40.3,card,ANON-0000-0000-0209,27.92,Cortado,18,Medium,24,5,2024,May,17:40.3
24/05/2024,18:36.7,card,ANON-0000-0000-0209,27.92,Cortado,18,Medium,24,5,2024,May,18:36.7
24/05/2024,30:40.2,card,ANON-0000-0000-0210,32.82,Americano with Milk,22,Medium,24,5,2024,May,30:40.2
25/05/2024,40:58.8,cash,Cash,29,Americano,7,Medium,25,5,2024,May,40:58.8
25/05/2024,13:53.4,card,ANON-0000-0000-0211,37.72,Latte,12,Medium,25,5,2024,May,13:53.4
25/05/2024,40:23.6,cash,Cash,29,Americano,12,Medium,25,5,2024,May,40:23.6
25/05/2024,42:10.3,card,ANON-0000-0000-0212,32.82,Americano with Milk,12,Medium,25,5,2024,May,42:10.3
25/05/2024,43:13.3,card,ANON-0000-0000-0212,32.82,Americano with Milk,12,Medium,25,5,2024,May,43:13.3
25/05/2024,58:12.0,card,ANON-0000-0000-0213,32.82,Americano with Milk,12,Medium,25,5,2024,May,58:12.0
25/05/2024,47:09.6,card,ANON-0000-0000-0040,32.82,Americano with Milk,16,Medium,25,5,2024,May,47:09.6
25/05/2024,48:16.8,card,ANON-0000-0000-0040,27.92,Americano,16,Medium,25,5,2024,May,48:16.8
26/05/2024,20:02.2,card,ANON-0000-0000-0001,37.72,Latte,10,Medium,26,5,2024,May,20:02.2
26/05/2024,24:49.8,card,ANON-0000-0000-0214,32.82,Americano with Milk,14,Medium,26,5,2024,May,24:49.8
26/05/2024,26:05.2,card,ANON-0000-0000-0215,27.92,Cortado,14,Medium,26,5,2024,May,26:05.2
26/05/2024,40:58.9,card,ANON-0000-0000-0216,32.82,Americano with Milk,14,Medium,26,5,2024,May,40:58.9
26/05/2024,19:15.5,card,ANON-0000-0000-0217,37.72,Cappuccino,17,Medium,26,5,2024,May,19:15.5
26/05/2024,09:52.8,card,ANON-0000-0000-0218,37.72,Hot Chocolate,18,Medium,26,5,2024,May,09:52.8
26/05/2024,11:02.2,card,ANON-0000-0000-0218,37.72,Hot Chocolate,18,Medium,26,5,2024,May,11:02.2
26/05/2024,13:14.3,card,ANON-0000-0000-0218,27.92,Americano,18,Medium,26,5,2024,May,13:14.3
26/05/2024,39:18.8,card,ANON-0000-0000-0219,37.72,Latte,18,Medium,26,5,2024,May,39:18.8
26/05/2024,59:15.0,card,ANON-0000-0000-0220,37.72,Hot Chocolate,20,Medium,26,5,2024,May,59:15.0
26/05/2024,00:05.6,card,ANON-0000-0000-0220,37.72,Cappuccino,21,Medium,26,5,2024,May,00:05.6
26/05/2024,02:36.9,card,ANON-0000-0000-0221,27.92,Cortado,21,Medium,26,5,2024,May,02:36.9
26/05/2024,03:51.8,card,ANON-0000-0000-0222,37.72,Cappuccino,21,Medium,26,5,2024,May,03:51.8
26/05/2024,04:58.8,card,ANON-0000-0000-0221,37.72,Latte,21,Medium,26,5,2024,May,04:58.8
26/05/2024,06:02.6,card,ANON-0000-0000-0223,37.72,Cappuccino,21,Medium,26,5,2024,May,06:02.6
27/05/2024,34:55.3,card,ANON-0000-0000-0012,27.92,Americano,11,Medium,27,5,2024,May,34:55.3
27/05/2024,05:21.7,card,ANON-0000-0000-0224,32.82,Americano with Milk,14,Medium,27,5,2024,May,05:21.7
27/05/2024,06:43.6,card,ANON-0000-0000-0224,37.72,Cocoa,14,Medium,27,5,2024,May,06:43.6
27/05/2024,11:34.1,card,ANON-0000-0000-0225,27.92,Americano,15,Medium,27,5,2024,May,11:34.1
27/05/2024,14:05.8,card,ANON-0000-0000-0225,27.92,Americano,15,Medium,27,5,2024,May,14:05.8
27/05/2024,50:55.8,card,ANON-0000-0000-0203,37.72,Latte,17,Medium,27,5,2024,May,50:55.8
27/05/2024,00:51.0,card,ANON-0000-0000-0226,27.92,Americano,18,Medium,27,5,2024,May,00:51.0
27/05/2024,16:27.4,card,ANON-0000-0000-0227,37.72,Latte,19,Medium,27,5,2024,May,16:27.4
27/05/2024,17:38.7,card,ANON-0000-0000-0228,37.72,Latte,19,Medium,27,5,2024,May,17:38.7
27/05/2024,29:07.1,card,ANON-0000-0000-0192,32.82,Americano with Milk,21,Medium,27,5,2024,May,29:07.1
27/05/2024,30:19.8,card,ANON-0000-0000-0206,37.72,Cappuccino,21,Medium,27,5,2024,May,30:19.8
28/05/2024,37:09.0,card,ANON-0000-0000-0012,32.82,Americano with Milk,8,Medium,28,5,2024,May,37:09.0
28/05/2024,20:10.7,card,ANON-0000-0000-0097,32.82,Americano with Milk,9,Medium,28,5,2024,May,20:10.7
28/05/2024,48:18.5,card,ANON-0000-0000-0229,37.72,Cappuccino,11,Medium,28,5,2024,May,48:18.5
28/05/2024,14:40.4,card,ANON-0000-0000-0230,37.72,Cappuccino,13,Medium,28,5,2024,May,14:40.4
28/05/2024,10:53.7,card,ANON-0000-0000-0194,37.72,Cocoa,14,Medium,28,5,2024,May,10:53.7
28/05/2024,25:39.3,card,ANON-0000-0000-0141,27.92,Cortado,16,Medium,28,5,2024,May,25:39.3
28/05/2024,21:44.0,cash,Cash,39,Cappuccino,17,Medium,28,5,2024,May,21:44.0
28/05/2024,09:29.1,card,ANON-0000-0000-0231,27.92,Americano,19,Medium,28,5,2024,May,09:29.1
28/05/2024,10:31.1,card,ANON-0000-0000-0231,37.72,Latte,19,Medium,28,5,2024,May,10:31.1
28/05/2024,24:32.2,card,ANON-0000-0000-0009,32.82,Americano with Milk,20,Medium,28,5,2024,May,24:32.2
28/05/2024,50:19.4,card,ANON-0000-0000-0012,27.92,Americano,20,Medium,28,5,2024,May,50:19.4
29/05/2024,14:43.7,card,ANON-0000-0000-0232,37.72,Latte,9,Medium,29,5,2024,May,14:43.7
29/05/2024,48:46.8,cash,Cash,39,Latte,10,Medium,29,5,2024,May,48:46.8
29/05/2024,14:02.9,card,ANON-0000-0000-0233,37.72,Hot Chocolate,11,Medium,29,5,2024,May,14:02.9
29/05/2024,10:48.5,card,ANON-0000-0000-0234,27.92,Americano,15,Medium,29,5,2024,May,10:48.5
29/05/2024,22:56.3,card,ANON-0000-0000-0235,37.72,Latte,15,Medium,29,5,2024,May,22:56.3
29/05/2024,45:12.7,card,ANON-0000-0000-0236,37.72,Cappuccino,15,Medium,29,5,2024,May,45:12.7
29/05/2024,45:03.9,card,ANON-0000-0000-0237,37.72,Latte,16,Medium,29,5,2024,May,45:04.0
29/05/2024,24:03.3,card,ANON-0000-0000-0238,27.92,Cortado,18,Medium,29,5,2024,May,24:03.3
29/05/2024,24:59.3,card,ANON-0000-0000-0238,37.72,Latte,18,Medium,29,5,2024,May,24:59.3
29/05/2024,30:42.2,card,ANON-0000-0000-0239,37.72,Hot Chocolate,20,Medium,29,5,2024,May,30:42.2
29/05/2024,32:35.2,card,ANON-0000-0000-0240,37.72,Cocoa,20,Medium,29,5,2024,May,32:35.2
30/05/2024,29:06.3,card,ANON-0000-0000-0241,37.72,Cappuccino,8,Medium,30,5,2024,May,29:06.3
30/05/2024,30:21.6,card,ANON-0000-0000-0241,37.72,Latte,8,Medium,30,5,2024,May,30:21.6
30/05/2024,37:05.4,card,ANON-0000-0000-0242,32.82,Americano with Milk,8,Medium,30,5,2024,May,37:05.4
30/05/2024,47:59.1,card,ANON-0000-0000-0001,37.72,Latte,9,Medium,30,5,2024,May,47:59.1
30/05/2024,56:15.5,card,ANON-0000-0000-0097,32.82,Americano with Milk,14,Medium,30,5,2024,May,56:15.5
30/05/2024,16:15.7,card,ANON-0000-0000-0243,23.02,Espresso,15,Medium,30,5,2024,May,16:15.7
30/05/2024,17:38.7,card,ANON-0000-0000-0012,23.02,Espresso,15,Medium,30,5,2024,May,17:38.7
30/05/2024,53:11.2,card,ANON-0000-0000-0206,37.72,Cappuccino,19,Medium,30,5,2024,May,53:11.2
30/05/2024,31:05.4,card,ANON-0000-0000-0244,37.72,Latte,20,Medium,30,5,2024,May,31:05.4
30/05/2024,46:13.8,card,ANON-0000-0000-0009,37.72,Hot Chocolate,20,Medium,30,5,2024,May,46:13.8
30/05/2024,47:21.6,card,ANON-0000-0000-0009,32.82,Americano with Milk,20,Medium,30,5,2024,May,47:21.6
31/05/2024,53:57.3,card,ANON-0000-0000-0245,32.82,Americano with Milk,7,Medium,31,5,2024,May,53:57.3
31/05/2024,21:07.8,card,ANON-0000-0000-0246,37.72,Latte,9,Medium,31,5,2024,May,21:07.8
31/05/2024,23:58.8,cash,Cash,39,Latte,9,Medium,31,5,2024,May,23:58.8
31/05/2024,38:07.9,card,ANON-0000-0000-0247,37.72,Hot Chocolate,10,Medium,31,5,2024,May,38:07.9
31/05/2024,39:06.1,card,ANON-0000-0000-0248,37.72,Cocoa,10,Medium,31,5,2024,May,39:06.1
31/05/2024,50:13.0,card,ANON-0000-0000-0249,32.82,Americano with Milk,14,Medium,31,5,2024,May,50:13.0
31/05/2024,23:44.6,card,ANON-0000-0000-0250,37.72,Latte,18,Medium,31,5,2024,May,23:44.6
31/05/2024,25:03.3,card,ANON-0000-0000-0250,37.72,Latte,18,Medium,31,5,2024,May,25:03.3
31/05/2024,06:39.2,card,ANON-0000-0000-0180,37.72,Cappuccino,20,Medium,31,5,2024,May,06:39.2
31/05/2024,33:06.4,card,ANON-0000-0000-0134,32.82,Americano with Milk,20,Medium,31,5,2024,May,33:06.4
31/05/2024,34:32.9,card,ANON-0000-0000-0134,37.72,Latte,20,Medium,31,5,2024,May,34:32.9
31/05/2024,05:47.1,card,ANON-0000-0000-0206,37.72,Cappuccino,22,Medium,31,5,2024,May,05:47.1
31/05/2024,06:52.5,card,ANON-0000-0000-0206,32.82,Americano with Milk,22,Medium,31,5,2024,May,06:52.5
31/05/2024,07:55.4,card,ANON-0000-0000-0206,27.92,Cortado,22,Medium,31,5,2024,May,07:55.4
01/06/2024,27:01.7,card,ANON-0000-0000-0141,27.92,Cortado,8,Medium,1,6,2024,June,27:01.7
01/06/2024,48:24.7,card,ANON-0000-0000-0232,37.72,Latte,9,Medium,1,6,2024,June,48:24.7
01/06/2024,38:09.4,card,ANON-0000-0000-0250,37.72,Latte,11,Medium,1,6,2024,June,38:09.4
01/06/2024,28:53.7,card,ANON-0000-0000-0097,32.82,Americano with Milk,14,Medium,1,6,2024,June,28:53.7
01/06/2024,20:12.8,card,ANON-0000-0000-0251,32.82,Americano with Milk,18,Medium,1,6,2024,June,20:12.8
01/06/2024,21:15.4,card,ANON-0000-0000-0251,32.82,Americano with Milk,18,Medium,1,6,2024,June,21:15.4
01/06/2024,50:10.5,card,ANON-0000-0000-0154,37.72,Cappuccino,20,Medium,1,6,2024,June,50:10.5
01/06/2024,51:13.6,card,ANON-0000-0000-0154,37.72,Cappuccino,20,Medium,1,6,2024,June,51:13.6
01/06/2024,54:59.3,cash,Cash,39,Cocoa,20,Medium,1,6,2024,June,54:59.3
01/06/2024,59:09.7,card,ANON-0000-0000-0252,37.72,Cocoa,20,Medium,1,6,2024,June,59:09.7
01/06/2024,51:05.0,card,ANON-0000-0000-0009,32.82,Americano with Milk,21,Medium,1,6,2024,June,51:05.0
02/06/2024,03:25.8,card,ANON-0000-0000-0009,37.72,Latte,20,Medium,2,6,2024,June,03:25.8
02/06/2024,24:02.4,card,ANON-0000-0000-0040,32.82,Americano with Milk,20,Medium,2,6,2024,June,24:02.4
02/06/2024,25:07.2,card,ANON-0000-0000-0040,37.72,Cappuccino,20,Medium,2,6,2024,June,25:07.2
02/06/2024,07:20.5,card,ANON-0000-0000-0097,32.82,Americano with Milk,21,Medium,2,6,2024,June,07:20.5
02/06/2024,30:12.4,card,ANON-0000-0000-0253,37.72,Latte,21,Medium,2,6,2024,June,30:12.4
02/06/2024,43:10.6,cash,Cash,34,Americano with Milk,22,Medium,2,6,2024,June,43:10.6
03/06/2024,12:04.1,card,ANON-0000-0000-0001,37.72,Latte,10,Medium,3,6,2024,June,12:04.1
03/06/2024,27:49.8,card,ANON-0000-0000-0191,37.72,Latte,10,Medium,3,6,2024,June,27:49.8
03/06/2024,31:42.3,card,ANON-0000-0000-0025,37.72,Cappuccino,14,Medium,3,6,2024,June,31:42.3
03/06/2024,33:01.0,card,ANON-0000-0000-0024,32.82,Americano with Milk,14,Medium,3,6,2024,June,33:01.0
03/06/2024,34:06.9,card,ANON-0000-0000-0009,37.72,Latte,14,Medium,3,6,2024,June,34:06.9
03/06/2024,42:51.7,cash,Cash,34,Americano with Milk,21,Medium,3,6,2024,June,42:51.7
03/06/2024,43:37.5,cash,Cash,34,Americano with Milk,21,Medium,3,6,2024,June,43:37.5
04/06/2024,23:42.9,card,ANON-0000-0000-0141,27.92,Cortado,9,Medium,4,6,2024,June,23:42.9
04/06/2024,27:14.0,card,ANON-0000-0000-0097,32.82,Americano with Milk,10,Medium,4,6,2024,June,27:14.0
04/06/2024,02:10.2,card,ANON-0000-0000-0254,37.72,Latte,12,Medium,4,6,2024,June,02:10.2
04/06/2024,05:29.2,card,ANON-0000-0000-0254,37.72,Hot Chocolate,12,Medium,4,6,2024,June,05:29.2
04/06/2024,30:32.5,card,ANON-0000-0000-0255,37.72,Latte,15,Medium,4,6,2024,June,30:32.5
04/06/2024,46:36.7,card,ANON-0000-0000-0192,27.92,Cortado,17,Medium,4,6,2024,June,46:36.7
04/06/2024,47:28.8,card,ANON-0000-0000-0192,37.72,Cappuccino,17,Medium,4,6,2024,June,47:28.8
04/06/2024,13:01.2,card,ANON-0000-0000-0256,37.72,Hot Chocolate,20,Medium,4,6,2024,June,13:01.2
04/06/2024,50:33.9,card,ANON-0000-0000-0257,37.72,Cappuccino,20,Medium,4,6,2024,June,50:33.9
04/06/2024,31:58.9,card,ANON-0000-0000-0258,27.92,Cortado,21,Medium,4,6,2024,June,31:58.9
04/06/2024,33:02.6,card,ANON-0000-0000-0259,32.82,Americano with Milk,21,Medium,4,6,2024,June,33:02.6
04/06/2024,34:55.7,card,ANON-0000-0000-0260,32.82,Americano with Milk,21,Medium,4,6,2024,June,34:55.7
04/06/2024,36:06.9,card,ANON-0000-0000-0260,32.82,Americano with Milk,21,Medium,4,6,2024,June,36:06.9
04/06/2024,37:15.2,card,ANON-0000-0000-0260,32.82,Americano with Milk,21,Medium,4,6,2024,June,37:15.2
05/06/2024,21:49.0,card,ANON-0000-0000-0261,37.72,Cappuccino,8,Medium,5,6,2024,June,21:49.0
05/06/2024,23:06.7,card,ANON-0000-0000-0261,37.72,Cappuccino,8,Medium,5,6,2024,June,23:06.7
05/06/2024,22:43.1,card,ANON-0000-0000-0262,27.92,Americano,9,Medium,5,6,2024,June,22:43.1
05/06/2024,28:50.6,card,ANON-0000-0000-0001,37.72,Latte,10,Medium,5,6,2024,June,28:50.6
05/06/2024,40:53.2,card,ANON-0000-0000-0097,32.82,Americano with Milk,10,Medium,5,6,2024,June,40:53.2
05/06/2024,43:57.7,card,ANON-0000-0000-0263,32.82,Americano with Milk,19,Medium,5,6,2024,June,43:57.7
05/06/2024,59:53.5,card,ANON-0000-0000-0264,37.72,Latte,19,Medium,5,6,2024,June,59:53.5
05/06/2024,10:47.6,card,ANON-0000-0000-0220,37.72,Cocoa,20,Medium,5,6,2024,June,10:47.6
05/06/2024,12:01.7,card,ANON-0000-0000-0220,27.92,Cortado,20,Medium,5,6,2024,June,12:01.7
06/06/2024,52:56.4,card,ANON-0000-0000-0097,32.82,Americano with Milk,8,Medium,6,6,2024,June,52:56.4
06/06/2024,54:08.5,card,ANON-0000-0000-0097,32.82,Americano with Milk,8,Medium,6,6,2024,June,54:08.5
06/06/2024,36:09.7,card,ANON-0000-0000-0001,37.72,Latte,10,Medium,6,6,2024,June,36:09.7
06/06/2024,17:41.5,card,ANON-0000-0000-0265,27.92,Americano,12,Medium,6,6,2024,June,17:41.5
06/06/2024,11:14.2,card,ANON-0000-0000-0224,32.82,Americano with Milk,15,Medium,6,6,2024,June,11:14.2
06/06/2024,24:06.2,card,ANON-0000-0000-0266,37.72,Cappuccino,15,Medium,6,6,2024,June,24:06.2
06/06/2024,14:05.1,card,ANON-0000-0000-0267,37.72,Latte,21,Medium,6,6,2024,June,14:05.1
06/06/2024,15:42.2,card,ANON-0000-0000-0267,37.72,Latte,21,Medium,6,6,2024,June,15:42.2
06/06/2024,18:26.7,card,ANON-0000-0000-0206,37.72,Cappuccino,21,Medium,6,6,2024,June,18:26.7
06/06/2024,19:30.4,card,ANON-0000-0000-0206,32.82,Americano with Milk,21,Medium,6,6,2024,June,19:30.4
06/06/2024,21:04.4,card,ANON-0000-0000-0267,37.72,Latte,21,Medium,6,6,2024,June,21:04.4
07/06/2024,18:04.3,card,ANON-0000-0000-0268,37.72,Cappuccino,8,Medium,7,6,2024,June,18:04.3
07/06/2024,35:28.1,card,ANON-0000-0000-0269,23.02,Espresso,10,Medium,7,6,2024,June,35:28.1
07/06/2024,34:18.3,card,ANON-0000-0000-0164,32.82,Americano with Milk,13,Medium,7,6,2024,June,34:18.3
07/06/2024,45:42.2,card,ANON-0000-0000-0270,27.92,Cortado,16,Medium,7,6,2024,June,45:42.2
07/06/2024,47:15.5,card,ANON-0000-0000-0270,27.92,Cortado,16,Medium,7,6,2024,June,47:15.5
08/06/2024,04:20.0,card,ANON-0000-0000-0271,27.92,Cortado,9,Medium,8,6,2024,June,04:20.0
08/06/2024,26:11.2,card,ANON-0000-0000-0097,32.82,Americano with Milk,9,Medium,8,6,2024,June,26:11.2
08/06/2024,24:54.3,card,ANON-0000-0000-0134,37.72,Cappuccino,20,Medium,8,6,2024,June,24:54.3
08/06/2024,25:56.3,card,ANON-0000-0000-0134,37.72,Cappuccino,20,Medium,8,6,2024,June,25:56.3
09/06/2024,15:52.8,card,ANON-0000-0000-0097,37.72,Latte,8,Medium,9,6,2024,June,15:52.8
09/06/2024,30:04.5,card,ANON-0000-0000-0272,37.72,Latte,10,Medium,9,6,2024,June,30:04.5
09/06/2024,52:05.8,card,ANON-0000-0000-0273,37.72,Cappuccino,10,Medium,9,6,2024,June,52:05.8
09/06/2024,04:41.3,card,ANON-0000-0000-0141,27.92,Cortado,11,Medium,9,6,2024,June,04:41.3
09/06/2024,07:08.1,card,ANON-0000-0000-0274,23.02,Espresso,11,Medium,9,6,2024,June,07:08.1
09/06/2024,52:49.6,card,ANON-0000-0000-0275,37.72,Cappuccino,11,Medium,9,6,2024,June,52:49.6
09/06/2024,11:23.6,card,ANON-0000-0000-0276,32.82,Americano with Milk,12,Medium,9,6,2024,June,11:23.6
09/06/2024,13:08.1,card,ANON-0000-0000-0276,37.72,Latte,12,Medium,9,6,2024,June,13:08.1
09/06/2024,14:10.8,card,ANON-0000-0000-0276,37.72,Latte,12,Medium,9,6,2024,June,14:10.8
09/06/2024,10:30.7,card,ANON-0000-0000-0277,27.92,Cortado,15,Medium,9,6,2024,June,10:30.7
09/06/2024,17:28.2,card,ANON-0000-0000-0278,37.72,Cappuccino,16,Medium,9,6,2024,June,17:28.2
09/06/2024,21:19.3,card,ANON-0000-0000-0279,32.82,Americano with Milk,19,Medium,9,6,2024,June,21:19.3
09/06/2024,05:08.8,card,ANON-0000-0000-0280,27.92,Americano,21,Medium,9,6,2024,June,05:08.8
10/06/2024,47:49.9,card,ANON-0000-0000-0281,37.72,Cappuccino,12,Medium,10,6,2024,June,47:49.9
10/06/2024,56:48.3,card,ANON-0000-0000-0097,37.72,Latte,12,Medium,10,6,2024,June,56:48.3
10/06/2024,04:28.1,card,ANON-0000-0000-0282,37.72,Hot Chocolate,19,Medium,10,6,2024,June,04:28.1
10/06/2024,05:22.8,card,ANON-0000-0000-0282,37.72,Hot Chocolate,19,Medium,10,6,2024,June,05:22.8
10/06/2024,37:23.6,card,ANON-0000-0000-0283,37.72,Latte,19,Medium,10,6,2024,June,37:23.6
10/06/2024,38:19.7,card,ANON-0000-0000-0283,37.72,Latte,19,Medium,10,6,2024,June,38:19.7
11/06/2024,38:04.0,card,ANON-0000-0000-0284,32.82,Americano with Milk,10,Medium,11,6,2024,June,38:04.0
11/06/2024,48:25.3,card,ANON-0000-0000-0285,37.72,Latte,18,Medium,11,6,2024,June,48:25.3
11/06/2024,49:36.4,card,ANON-0000-0000-0285,37.72,Latte,18,Medium,11,6,2024,June,49:36.4
11/06/2024,17:03.3,card,ANON-0000-0000-0286,37.72,Hot Chocolate,21,Medium,11,6,2024,June,17:03.3
11/06/2024,27:41.9,card,ANON-0000-0000-0287,32.82,Americano with Milk,21,Medium,11,6,2024,June,27:41.9
11/06/2024,28:50.2,card,ANON-0000-0000-0287,32.82,Americano with Milk,21,Medium,11,6,2024,June,28:50.2
12/06/2024,18:18.8,card,ANON-0000-0000-0288,37.72,Hot Chocolate,10,Medium,12,6,2024,June,18:18.8
12/06/2024,51:43.9,card,ANON-0000-0000-0289,37.72,Cappuccino,11,Medium,12,6,2024,June,51:43.9
12/06/2024,41:17.2,card,ANON-0000-0000-0283,37.72,Latte,17,Medium,12,6,2024,June,41:17.2
12/06/2024,47:27.9,card,ANON-0000-0000-0290,37.72,Latte,17,Medium,12,6,2024,June,47:27.9
12/06/2024,16:33.6,card,ANON-0000-0000-0256,37.72,Hot Chocolate,20,Medium,12,6,2024,June,16:33.6
12/06/2024,25:34.2,card,ANON-0000-0000-0291,32.82,Americano with Milk,20,Medium,12,6,2024,June,25:34.2
13/06/2024,54:24.2,card,ANON-0000-0000-0292,27.92,Americano,8,Medium,13,6,2024,June,54:24.2
13/06/2024,57:25.6,card,ANON-0000-0000-0097,37.72,Latte,8,Medium,13,6,2024,June,57:25.6
13/06/2024,50:25.0,card,ANON-0000-0000-0293,32.82,Americano with Milk,9,Medium,13,6,2024,June,50:25.0
13/06/2024,57:11.5,card,ANON-0000-0000-0141,27.92,Cortado,9,Medium,13,6,2024,June,57:11.5
13/06/2024,04:58.6,card,ANON-0000-0000-0294,32.82,Americano with Milk,17,Medium,13,6,2024,June,04:58.6
13/06/2024,27:46.6,card,ANON-0000-0000-0295,37.72,Hot Chocolate,17,Medium,13,6,2024,June,27:46.6
13/06/2024,22:19.1,card,ANON-0000-0000-0296,37.72,Latte,19,Medium,13,6,2024,June,22:19.1
13/06/2024,20:51.8,card,ANON-0000-0000-0012,32.82,Americano with Milk,20,Medium,13,6,2024,June,20:51.8
13/06/2024,43:46.0,card,ANON-0000-0000-0012,23.02,Espresso,20,Medium,13,6,2024,June,43:46.0
13/06/2024,45:00.6,card,ANON-0000-0000-0295,23.02,Espresso,20,Medium,13,6,2024,June,45:00.6
13/06/2024,48:17.9,card,ANON-0000-0000-0009,32.82,Americano with Milk,20,Medium,13,6,2024,June,48:17.9
13/06/2024,02:28.4,card,ANON-0000-0000-0009,32.82,Americano with Milk,21,Medium,13,6,2024,June,02:28.4
14/06/2024,46:13.2,card,ANON-0000-0000-0141,27.92,Cortado,7,Medium,14,6,2024,June,46:13.2
14/06/2024,30:31.6,card,ANON-0000-0000-0297,27.92,Americano,10,Medium,14,6,2024,June,30:31.6
14/06/2024,14:41.7,card,ANON-0000-0000-0097,37.72,Latte,12,Medium,14,6,2024,June,14:41.7
14/06/2024,29:53.4,card,ANON-0000-0000-0298,32.82,Americano with Milk,18,Medium,14,6,2024,June,29:53.4
15/06/2024,26:02.0,card,ANON-0000-0000-0299,37.72,Cappuccino,11,Medium,15,6,2024,June,26:02.0
15/06/2024,21:28.1,card,ANON-0000-0000-0300,37.72,Latte,12,Medium,15,6,2024,June,21:28.1
15/06/2024,22:46.9,card,ANON-0000-0000-0300,32.82,Americano with Milk,12,Medium,15,6,2024,June,22:46.9
15/06/2024,23:52.2,card,ANON-0000-0000-0300,23.02,Espresso,12,Medium,15,6,2024,June,23:52.2
15/06/2024,24:35.1,card,ANON-0000-0000-0300,37.72,Cocoa,12,Medium,15,6,2024,June,24:35.1
15/06/2024,25:24.0,card,ANON-0000-0000-0300,32.82,Americano with Milk,12,Medium,15,6,2024,June,25:24.0
15/06/2024,03:29.9,card,ANON-0000-0000-0301,32.82,Americano with Milk,16,Medium,15,6,2024,June,03:29.9
15/06/2024,14:04.6,card,ANON-0000-0000-0302,27.92,Americano,18,Medium,15,6,2024,June,14:04.6
16/06/2024,43:51.5,card,ANON-0000-0000-0059,32.82,Americano with Milk,10,Medium,16,6,2024,June,43:51.5
16/06/2024,58:41.4,card,ANON-0000-0000-0303,37.72,Latte,10,Medium,16,6,2024,June,58:41.4
16/06/2024,00:38.2,card,ANON-0000-0000-0303,37.72,Hot Chocolate,11,Medium,16,6,2024,June,00:38.2
16/06/2024,01:41.5,card,ANON-0000-0000-0303,37.72,Hot Chocolate,11,Medium,16,6,2024,June,01:41.5
16/06/2024,49:27.6,card,ANON-0000-0000-0276,32.82,Americano with Milk,12,Medium,16,6,2024,June,49:27.6
16/06/2024,00:39.0,card,ANON-0000-0000-0274,23.02,Espresso,14,Medium,16,6,2024,June,00:39.0
16/06/2024,02:36.3,card,ANON-0000-0000-0304,32.82,Americano with Milk,15,Medium,16,6,2024,June,02:36.3
16/06/2024,05:10.4,card,ANON-0000-0000-0304,32.82,Americano with Milk,15,Medium,16,6,2024,June,05:10.4
16/06/2024,43:59.6,card,ANON-0000-0000-0305,37.72,Hot Chocolate,15,Medium,16,6,2024,June,43:59.6
16/06/2024,47:36.5,card,ANON-0000-0000-0306,37.72,Hot Chocolate,16,Medium,16,6,2024,June,47:36.5
16/06/2024,45:17.3,card,ANON-0000-0000-0059,32.82,Americano with Milk,17,Medium,16,6,2024,June,45:17.3
16/06/2024,46:16.6,card,ANON-0000-0000-0059,32.82,Americano with Milk,17,Medium,16,6,2024,June,46:16.6
17/06/2024,57:24.0,card,ANON-0000-0000-0307,27.92,Americano,8,Medium,17,6,2024,June,57:24.0
17/06/2024,12:05.1,card,ANON-0000-0000-0308,27.92,Cortado,10,Medium,17,6,2024,June,12:05.1
17/06/2024,13:37.6,card,ANON-0000-0000-0308,27.92,Cortado,10,Medium,17,6,2024,June,13:37.6
17/06/2024,55:51.6,card,ANON-0000-0000-0042,37.72,Cappuccino,10,Medium,17,6,2024,June,55:51.6
17/06/2024,51:35.4,card,ANON-0000-0000-0164,37.72,Cappuccino,14,Medium,17,6,2024,June,51:35.4
17/06/2024,50:13.4,card,ANON-0000-0000-0012,37.72,Cappuccino,16,Medium,17,6,2024,June,50:13.4
17/06/2024,51:11.0,card,ANON-0000-0000-0012,37.72,Cappuccino,16,Medium,17,6,2024,June,51:11.0
17/06/2024,52:36.3,card,ANON-0000-0000-0012,27.92,Americano,16,Medium,17,6,2024,June,52:36.3
17/06/2024,51:19.6,card,ANON-0000-0000-0309,27.92,Americano,18,Medium,17,6,2024,June,51:19.6
17/06/2024,16:11.5,card,ANON-0000-0000-0009,32.82,Americano with Milk,21,Medium,17,6,2024,June,16:11.5
18/06/2024,04:06.1,card,ANON-0000-0000-0299,27.92,Americano,14,Medium,18,6,2024,June,04:06.1
18/06/2024,05:12.3,card,ANON-0000-0000-0299,37.72,Cappuccino,14,Medium,18,6,2024,June,05:12.3
18/06/2024,20:40.6,card,ANON-0000-0000-0154,37.72,Cappuccino,19,Medium,18,6,2024,June,20:40.6
18/06/2024,21:38.9,card,ANON-0000-0000-0154,37.72,Cappuccino,19,Medium,18,6,2024,June,21:38.9
18/06/2024,35:49.5,card,ANON-0000-0000-0310,27.92,Cortado,20,Medium,18,6,2024,June,35:49.5
18/06/2024,20:49.5,card,ANON-0000-0000-0012,32.82,Americano with Milk,21,Medium,18,6,2024,June,20:49.5
18/06/2024,22:18.5,card,ANON-0000-0000-0012,32.82,Americano with Milk,21,Medium,18,6,2024,June,22:18.5
19/06/2024,47:19.8,card,ANON-0000-0000-0311,37.72,Latte,7,Medium,19,6,2024,June,47:19.8
19/06/2024,17:54.5,card,ANON-0000-0000-0141,27.92,Cortado,8,Medium,19,6,2024,June,17:54.5
19/06/2024,54:00.5,card,ANON-0000-0000-0312,27.92,Americano,10,Medium,19,6,2024,June,54:00.5
19/06/2024,11:27.8,card,ANON-0000-0000-0313,37.72,Latte,11,Medium,19,6,2024,June,11:27.8
19/06/2024,12:31.4,card,ANON-0000-0000-0313,37.72,Cocoa,11,Medium,19,6,2024,June,12:31.4
19/06/2024,21:36.3,card,ANON-0000-0000-0164,32.82,Americano with Milk,14,Medium,19,6,2024,June,21:36.3
19/06/2024,28:43.4,card,ANON-0000-0000-0153,37.72,Cappuccino,18,Medium,19,6,2024,June,28:43.4
19/06/2024,29:59.0,card,ANON-0000-0000-0153,37.72,Latte,18,Medium,19,6,2024,June,29:59.0
19/06/2024,31:31.3,card,ANON-0000-0000-0009,32.82,Americano with Milk,19,Medium,19,6,2024,June,31:31.3
19/06/2024,28:59.5,card,ANON-0000-0000-0192,37.72,Cappuccino,21,Medium,19,6,2024,June,28:59.5
19/06/2024,30:03.5,card,ANON-0000-0000-0192,32.82,Americano with Milk,21,Medium,19,6,2024,June,30:03.5
20/06/2024,50:06.5,card,ANON-0000-0000-0097,37.72,Latte,10,Medium,20,6,2024,June,50:06.5
20/06/2024,59:02.1,card,ANON-0000-0000-0314,37.72,Latte,18,Medium,20,6,2024,June,59:02.1
20/06/2024,00:00.2,card,ANON-0000-0000-0314,37.72,Latte,19,Medium,20,6,2024,June,00:00.2
20/06/2024,39:10.0,card,ANON-0000-0000-0257,37.72,Latte,21,Medium,20,6,2024,June,39:10.0
20/06/2024,57:40.6,card,ANON-0000-0000-0009,37.72,Latte,21,Medium,20,6,2024,June,57:40.6
20/06/2024,59:17.6,card,ANON-0000-0000-0009,32.82,Americano with Milk,21,Medium,20,6,2024,June,59:17.6
21/06/2024,59:55.9,card,ANON-0000-0000-0311,37.72,Latte,9,Medium,21,6,2024,June,59:55.9
21/06/2024,01:40.2,card,ANON-0000-0000-0315,27.92,Americano,10,Medium,21,6,2024,June,01:40.2
21/06/2024,19:19.4,card,ANON-0000-0000-0012,32.82,Americano with Milk,13,Medium,21,6,2024,June,19:19.4
21/06/2024,20:31.5,card,ANON-0000-0000-0012,32.82,Americano with Milk,13,Medium,21,6,2024,June,20:31.5
21/06/2024,12:16.1,card,ANON-0000-0000-0316,23.02,Espresso,18,Medium,21,6,2024,June,12:16.1
21/06/2024,30:26.7,card,ANON-0000-0000-0009,37.72,Latte,19,Medium,21,6,2024,June,30:26.7
21/06/2024,47:06.2,card,ANON-0000-0000-0154,37.72,Cappuccino,19,Medium,21,6,2024,June,47:06.2
21/06/2024,48:06.7,card,ANON-0000-0000-0154,37.72,Cappuccino,19,Medium,21,6,2024,June,48:06.7
21/06/2024,49:54.5,card,ANON-0000-0000-0180,37.72,Cappuccino,19,Medium,21,6,2024,June,49:54.5
21/06/2024,51:00.2,card,ANON-0000-0000-0180,37.72,Cappuccino,19,Medium,21,6,2024,June,51:00.2
21/06/2024,52:18.8,card,ANON-0000-0000-0180,27.92,Americano,19,Medium,21,6,2024,June,52:18.8
21/06/2024,55:37.1,card,ANON-0000-0000-0311,32.82,Americano with Milk,19,Medium,21,6,2024,June,55:37.1
22/06/2024,39:50.3,card,ANON-0000-0000-0141,27.92,Cortado,8,Medium,22,6,2024,June,39:50.3
22/06/2024,37:48.8,card,ANON-0000-0000-0311,32.82,Americano with Milk,9,Medium,22,6,2024,June,37:48.8
22/06/2024,53:15.5,card,ANON-0000-0000-0317,32.82,Americano with Milk,12,Medium,22,6,2024,June,53:15.5
22/06/2024,37:20.1,card,ANON-0000-0000-0009,37.72,Latte,15,Medium,22,6,2024,June,37:20.1
22/06/2024,10:23.0,card,ANON-0000-0000-0318,37.72,Cappuccino,22,Medium,22,6,2024,June,10:23.0
23/06/2024,12:01.4,card,ANON-0000-0000-0012,32.82,Americano with Milk,18,Medium,23,6,2024,June,12:01.4
23/06/2024,13:50.6,card,ANON-0000-0000-0012,32.82,Americano with Milk,18,Medium,23,6,2024,June,13:50.6
23/06/2024,06:47.0,card,ANON-0000-0000-0319,37.72,Cappuccino,21,Medium,23,6,2024,June,06:47.0
23/06/2024,29:07.8,card,ANON-0000-0000-0320,37.72,Latte,21,Medium,23,6,2024,June,29:07.8
23/06/2024,30:36.4,card,ANON-0000-0000-0320,37.72,Cappuccino,21,Medium,23,6,2024,June,30:36.4
24/06/2024,44:39.9,card,ANON-0000-0000-0164,32.82,Americano with Milk,11,Medium,24,6,2024,June,44:39.9
24/06/2024,49:36.0,card,ANON-0000-0000-0180,37.72,Cappuccino,11,Medium,24,6,2024,June,49:36.0
24/06/2024,50:44.1,card,ANON-0000-0000-0180,37.72,Cappuccino,11,Medium,24,6,2024,June,50:44.1
24/06/2024,02:29.0,card,ANON-0000-0000-0321,37.72,Latte,15,Medium,24,6,2024,June,02:29.0
24/06/2024,46:00.6,card,ANON-0000-0000-0203,37.72,Cappuccino,16,Medium,24,6,2024,June,46:00.6
24/06/2024,47:00.4,card,ANON-0000-0000-0203,37.72,Cappuccino,16,Medium,24,6,2024,June,47:00.4
25/06/2024,19:24.2,card,ANON-0000-0000-0322,37.72,Latte,8,Medium,25,6,2024,June,19:24.2
25/06/2024,28:26.4,card,ANON-0000-0000-0012,32.82,Americano with Milk,10,Medium,25,6,2024,June,28:26.4
25/06/2024,29:42.4,card,ANON-0000-0000-0040,32.82,Americano with Milk,10,Medium,25,6,2024,June,29:42.4
25/06/2024,34:52.3,card,ANON-0000-0000-0203,37.72,Cappuccino,11,Medium,25,6,2024,June,34:52.3
26/06/2024,33:01.7,card,ANON-0000-0000-0323,37.72,Latte,9,Medium,26,6,2024,June,33:01.7
26/06/2024,32:29.5,card,ANON-0000-0000-0324,23.02,Espresso,16,Medium,26,6,2024,June,32:29.5
26/06/2024,34:01.6,card,ANON-0000-0000-0325,27.92,Americano,16,Medium,26,6,2024,June,34:01.6
26/06/2024,21:53.3,card,ANON-0000-0000-0009,37.72,Latte,21,Medium,26,6,2024,June,21:53.3
26/06/2024,27:00.8,card,ANON-0000-0000-0009,37.72,Cappuccino,21,Medium,26,6,2024,June,27:00.8
26/06/2024,28:14.6,card,ANON-0000-0000-0206,32.82,Americano with Milk,21,Medium,26,6,2024,June,28:14.6
27/06/2024,15:43.2,card,ANON-0000-0000-0326,32.82,Americano with Milk,9,Medium,27,6,2024,June,15:43.2
27/06/2024,11:48.0,card,ANON-0000-0000-0327,27.92,Cortado,16,Medium,27,6,2024,June,16:11:48
27/06/2024,44:03.4,card,ANON-0000-0000-0328,32.82,Americano with Milk,21,Medium,27,6,2024,June,44:03.4
27/06/2024,50:31.6,card,ANON-0000-0000-0329,37.72,Cappuccino,21,Medium,27,6,2024,June,50:31.6
28/06/2024,08:35.0,card,ANON-0000-0000-0141,27.92,Cortado,8,Medium,28,6,2024,June,08:35.0
28/06/2024,51:54.0,card,ANON-0000-0000-0274,23.02,Espresso,17,Medium,28,6,2024,June,51:54.0
28/06/2024,50:55.4,card,ANON-0000-0000-0330,32.82,Americano with Milk,21,Medium,28,6,2024,June,50:55.4
28/06/2024,52:01.9,card,ANON-0000-0000-0331,37.72,Latte,21,Medium,28,6,2024,June,52:01.9
28/06/2024,28:20.0,card,ANON-0000-0000-0332,37.72,Cappuccino,22,Medium,28,6,2024,June,28:20.0
29/06/2024,47:10.3,card,ANON-0000-0000-0097,32.82,Americano with Milk,9,Medium,29,6,2024,June,47:10.3
29/06/2024,40:19.6,card,ANON-0000-0000-0333,32.82,Americano with Milk,11,Medium,29,6,2024,June,40:19.6
29/06/2024,41:26.6,card,ANON-0000-0000-0333,32.82,Americano with Milk,11,Medium,29,6,2024,June,41:26.6
29/06/2024,30:24.4,card,ANON-0000-0000-0334,37.72,Cappuccino,12,Medium,29,6,2024,June,30:24.4
29/06/2024,31:42.6,card,ANON-0000-0000-0334,37.72,Cappuccino,12,Medium,29,6,2024,June,31:42.6
29/06/2024,23:43.6,card,ANON-0000-0000-0335,37.72,Cappuccino,17,Medium,29,6,2024,June,23:43.6
29/06/2024,24:52.4,card,ANON-0000-0000-0335,37.72,Hot Chocolate,17,Medium,29,6,2024,June,24:52.4
29/06/2024,27:22.4,card,ANON-0000-0000-0009,37.72,Latte,21,Medium,29,6,2024,June,27:22.4
30/06/2024,28:09.8,card,ANON-0000-0000-0336,37.72,Latte,10,Medium,30,6,2024,June,28:09.8
30/06/2024,05:50.6,card,ANON-0000-0000-0337,23.02,Espresso,13,Medium,30,6,2024,June,05:50.6
30/06/2024,54:41.7,card,ANON-0000-0000-0009,37.72,Hot Chocolate,16,Medium,30,6,2024,June,54:41.7
30/06/2024,04:09.7,card,ANON-0000-0000-0097,32.82,Americano with Milk,21,Medium,30,6,2024,June,04:09.7
01/07/2024,07:26.8,card,ANON-0000-0000-0012,23.02,Espresso,18,Medium,1,7,2024,July,07:26.8
01/07/2024,56:51.8,card,ANON-0000-0000-0338,37.72,Cappuccino,18,Medium,1,7,2024,July,56:51.8
01/07/2024,57:54.3,card,ANON-0000-0000-0339,37.72,Cappuccino,18,Medium,1,7,2024,July,57:54.3
02/07/2024,42:54.1,card,ANON-0000-0000-0304,32.82,Americano with Milk,10,Medium,2,7,2024,July,42:54.1
02/07/2024,45:00.6,card,ANON-0000-0000-0304,27.92,Americano,10,Medium,2,7,2024,July,45:00.6
02/07/2024,48:05.2,card,ANON-0000-0000-0019,37.72,Latte,12,Medium,2,7,2024,July,48:05.2
02/07/2024,03:13.2,card,ANON-0000-0000-0340,27.92,Americano,14,Medium,2,7,2024,July,03:13.2
02/07/2024,31:24.3,card,ANON-0000-0000-0341,32.82,Americano with Milk,16,Medium,2,7,2024,July,31:24.3
02/07/2024,02:23.6,card,ANON-0000-0000-0329,32.82,Americano with Milk,22,Medium,2,7,2024,July,02:23.6
03/07/2024,51:14.9,card,ANON-0000-0000-0012,32.82,Americano with Milk,13,Medium,3,7,2024,July,51:14.9
03/07/2024,01:16.6,card,ANON-0000-0000-0342,37.72,Cappuccino,16,Medium,3,7,2024,July,01:16.6
03/07/2024,50:25.2,card,ANON-0000-0000-0343,37.72,Cappuccino,16,Medium,3,7,2024,July,50:25.2
03/07/2024,53:15.6,card,ANON-0000-0000-0270,32.82,Americano with Milk,16,Medium,3,7,2024,July,53:15.6
03/07/2024,54:22.9,card,ANON-0000-0000-0344,32.82,Americano with Milk,16,Medium,3,7,2024,July,54:22.9
03/07/2024,55:31.4,card,ANON-0000-0000-0270,37.72,Latte,16,Medium,3,7,2024,July,55:31.4
03/07/2024,59:25.6,card,ANON-0000-0000-0345,23.02,Espresso,16,Medium,3,7,2024,July,59:25.6
03/07/2024,59:01.8,card,ANON-0000-0000-0346,37.72,Cappuccino,17,Medium,3,7,2024,July,59:01.8
03/07/2024,06:09.1,card,ANON-0000-0000-0009,37.72,Latte,19,Medium,3,7,2024,July,06:09.1
04/07/2024,26:23.7,card,ANON-0000-0000-0143,32.82,Americano with Milk,10,Medium,4,7,2024,July,26:23.7
04/07/2024,27:30.3,card,ANON-0000-0000-0012,27.92,Americano,10,Medium,4,7,2024,July,27:30.3
05/07/2024,20:28.7,card,ANON-0000-0000-0058,37.72,Cocoa,12,Medium,5,7,2024,July,20:28.7
05/07/2024,43:43.1,card,ANON-0000-0000-0040,32.82,Americano with Milk,13,Medium,5,7,2024,July,43:43.1
05/07/2024,44:43.8,card,ANON-0000-0000-0347,32.82,Americano with Milk,13,Medium,5,7,2024,July,44:43.8
05/07/2024,55:56.3,card,ANON-0000-0000-0348,23.02,Espresso,18,Medium,5,7,2024,July,55:56.3
05/07/2024,55:07.8,card,ANON-0000-0000-0099,27.92,Americano,19,Medium,5,7,2024,July,55:07.8
05/07/2024,11:56.5,card,ANON-0000-0000-0349,23.02,Espresso,22,Medium,5,7,2024,July,11:56.5
05/07/2024,18:03.3,card,ANON-0000-0000-0350,27.92,Americano,22,Medium,5,7,2024,July,18:03.3
05/07/2024,18:56.9,card,ANON-0000-0000-0350,27.92,Americano,22,Medium,5,7,2024,July,18:56.9
05/07/2024,20:01.1,card,ANON-0000-0000-0351,37.72,Cappuccino,22,Medium,5,7,2024,July,20:01.1
05/07/2024,21:09.5,card,ANON-0000-0000-0351,32.82,Americano with Milk,22,Medium,5,7,2024,July,21:09.5
06/07/2024,28:06.8,card,ANON-0000-0000-0352,37.72,Latte,10,Medium,6,7,2024,July,28:06.8
06/07/2024,15:46.0,card,ANON-0000-0000-0009,32.82,Latte,17,Medium,6,7,2024,July,15:46.0
06/07/2024,17:01.0,card,ANON-0000-0000-0009,32.82,Latte,17,Medium,6,7,2024,July,17:01.0
06/07/2024,09:46.1,card,ANON-0000-0000-0012,32.82,Latte,19,Medium,6,7,2024,July,09:46.1
06/07/2024,10:39.6,card,ANON-0000-0000-0012,27.92,Americano with Milk,19,Medium,6,7,2024,July,10:39.6
07/07/2024,04:20.2,card,ANON-0000-0000-0303,32.82,Cappuccino,9,Medium,7,7,2024,July,04:20.2
07/07/2024,14:29.2,card,ANON-0000-0000-0353,27.92,Americano with Milk,9,Medium,7,7,2024,July,14:29.2
07/07/2024,15:36.8,card,ANON-0000-0000-0353,27.92,Americano with Milk,9,Medium,7,7,2024,July,15:36.8
07/07/2024,28:48.9,card,ANON-0000-0000-0354,32.82,Cappuccino,9,Medium,7,7,2024,July,28:48.9
07/07/2024,29:56.2,card,ANON-0000-0000-0354,32.82,Cappuccino,9,Medium,7,7,2024,July,29:56.2
07/07/2024,56:30.2,card,ANON-0000-0000-0355,32.82,Hot Chocolate,14,Medium,7,7,2024,July,56:30.2
07/07/2024,57:47.4,card,ANON-0000-0000-0355,32.82,Cocoa,14,Medium,7,7,2024,July,57:47.4
07/07/2024,07:50.3,card,ANON-0000-0000-0356,32.82,Latte,17,Medium,7,7,2024,July,07:50.3
07/07/2024,33:27.2,card,ANON-0000-0000-0357,32.82,Cappuccino,19,Medium,7,7,2024,July,33:27.2
07/07/2024,01:31.7,card,ANON-0000-0000-0358,32.82,Hot Chocolate,20,Medium,7,7,2024,July,01:31.7
07/07/2024,33:36.3,card,ANON-0000-0000-0359,27.92,Americano with Milk,22,Medium,7,7,2024,July,33:36.3
08/07/2024,33:07.7,card,ANON-0000-0000-0360,32.82,Latte,7,Medium,8,7,2024,July,33:07.7
08/07/2024,02:50.4,card,ANON-0000-0000-0361,23.02,Americano,12,Medium,8,7,2024,July,02:50.4
08/07/2024,40:24.3,card,ANON-0000-0000-0362,23.02,Americano,14,Medium,8,7,2024,July,40:24.4
08/07/2024,30:35.0,card,ANON-0000-0000-0363,27.92,Americano with Milk,19,Medium,8,7,2024,July,30:35.0
08/07/2024,14:46.2,card,ANON-0000-0000-0019,32.82,Latte,22,Medium,8,7,2024,July,14:46.2
09/07/2024,26:52.1,card,ANON-0000-0000-0333,27.92,Americano with Milk,10,Medium,9,7,2024,July,26:52.1
09/07/2024,40:28.8,card,ANON-0000-0000-0276,27.92,Americano with Milk,10,Medium,9,7,2024,July,40:28.8
09/07/2024,21:36.1,card,ANON-0000-0000-0194,27.92,Americano with Milk,11,Medium,9,7,2024,July,21:36.1
09/07/2024,22:49.9,card,ANON-0000-0000-0194,32.82,Cappuccino,11,Medium,9,7,2024,July,22:49.9
09/07/2024,42:59.5,card,ANON-0000-0000-0364,27.92,Americano with Milk,16,Medium,9,7,2024,July,42:59.5
10/07/2024,10:41.7,card,ANON-0000-0000-0365,23.02,Americano,11,Medium,10,7,2024,July,10:41.7
10/07/2024,28:53.7,card,ANON-0000-0000-0366,27.92,Americano with Milk,12,Medium,10,7,2024,July,28:53.7
10/07/2024,13:10.0,card,ANON-0000-0000-0328,32.82,Latte,22,Medium,10,7,2024,July,13:10.0
11/07/2024,27:27.6,card,ANON-0000-0000-0367,32.82,Hot Chocolate,11,Medium,11,7,2024,July,27:27.6
11/07/2024,48:18.7,card,ANON-0000-0000-0368,27.92,Americano with Milk,16,Medium,11,7,2024,July,48:18.7
11/07/2024,22:13.6,card,ANON-0000-0000-0369,32.82,Latte,22,Medium,11,7,2024,July,22:13.6
11/07/2024,30:58.5,card,ANON-0000-0000-0370,23.02,Americano,22,Medium,11,7,2024,July,30:58.5
12/07/2024,03:17.5,card,ANON-0000-0000-0371,23.02,Cortado,8,Medium,12,7,2024,July,03:17.5
12/07/2024,48:33.4,card,ANON-0000-0000-0372,32.82,Hot Chocolate,11,Medium,12,7,2024,July,48:33.4
12/07/2024,33:25.6,card,ANON-0000-0000-0178,32.82,Hot Chocolate,22,Medium,12,7,2024,July,33:25.6
12/07/2024,34:14.3,card,ANON-0000-0000-0177,32.82,Hot Chocolate,22,Medium,12,7,2024,July,34:14.3
12/07/2024,35:29.5,card,ANON-0000-0000-0179,32.82,Hot Chocolate,22,Medium,12,7,2024,July,35:29.5
13/07/2024,38:10.3,card,ANON-0000-0000-0365,32.82,Latte,10,Medium,13,7,2024,July,38:10.3
13/07/2024,41:38.1,card,ANON-0000-0000-0365,32.82,Latte,11,Medium,13,7,2024,July,41:38.1
14/07/2024,54:24.3,card,ANON-0000-0000-0373,23.02,Americano,10,Medium,14,7,2024,July,54:24.3
14/07/2024,55:30.5,card,ANON-0000-0000-0373,27.92,Americano with Milk,10,Medium,14,7,2024,July,55:30.5
14/07/2024,56:30.3,card,ANON-0000-0000-0373,32.82,Cappuccino,10,Medium,14,7,2024,July,56:30.3
14/07/2024,57:54.1,card,ANON-0000-0000-0374,32.82,Latte,10,Medium,14,7,2024,July,57:54.1
14/07/2024,02:11.8,card,ANON-0000-0000-0375,23.02,Americano,11,Medium,14,7,2024,July,02:11.8
14/07/2024,31:30.0,card,ANON-0000-0000-0376,32.82,Latte,22,Medium,14,7,2024,July,31:30.0
15/07/2024,33:05.6,card,ANON-0000-0000-0377,32.82,Cappuccino,7,Medium,15,7,2024,July,33:05.6
16/07/2024,23:37.5,card,ANON-0000-0000-0378,27.92,Americano with Milk,12,Medium,16,7,2024,July,23:37.5
16/07/2024,29:25.5,card,ANON-0000-0000-0367,32.82,Hot Chocolate,19,Medium,16,7,2024,July,29:25.5
17/07/2024,04:59.7,card,ANON-0000-0000-0379,27.92,Americano with Milk,13,Medium,17,7,2024,July,04:59.7
18/07/2024,10:13.4,card,ANON-0000-0000-0380,27.92,Americano with Milk,11,Medium,18,7,2024,July,10:13.4
18/07/2024,11:23.4,card,ANON-0000-0000-0381,18.12,Espresso,11,Low,18,7,2024,July,11:23.4
18/07/2024,32:59.6,card,ANON-0000-0000-0059,23.02,Americano,11,Medium,18,7,2024,July,32:59.6
18/07/2024,34:48.4,card,ANON-0000-0000-0059,23.02,Americano,11,Medium,18,7,2024,July,34:48.4
18/07/2024,35:51.5,card,ANON-0000-0000-0059,23.02,Cortado,11,Medium,18,7,2024,July,35:51.5
18/07/2024,23:33.8,card,ANON-0000-0000-0375,32.82,Latte,13,Medium,18,7,2024,July,23:33.8
18/07/2024,18:23.4,card,ANON-0000-0000-0382,32.82,Cappuccino,18,Medium,18,7,2024,July,18:23.4
18/07/2024,30:50.6,card,ANON-0000-0000-0009,32.82,Latte,19,Medium,18,7,2024,July,30:50.6
18/07/2024,19:41.8,card,ANON-0000-0000-0383,32.82,Hot Chocolate,21,Medium,18,7,2024,July,19:41.8
18/07/2024,21:59.9,card,ANON-0000-0000-0383,32.82,Latte,21,Medium,18,7,2024,July,21:59.9
18/07/2024,46:18.7,card,ANON-0000-0000-0384,32.82,Latte,21,Medium,18,7,2024,July,46:18.7
19/07/2024,03:02.3,card,ANON-0000-0000-0375,23.02,Americano,11,Medium,19,7,2024,July,03:02.3
19/07/2024,16:20.5,card,ANON-0000-0000-0385,27.92,Americano with Milk,11,Medium,19,7,2024,July,16:20.5
19/07/2024,58:37.6,card,ANON-0000-0000-0386,32.82,Latte,12,Medium,19,7,2024,July,58:37.6
19/07/2024,59:55.4,card,ANON-0000-0000-0386,27.92,Americano with Milk,12,Medium,19,7,2024,July,59:55.4
19/07/2024,09:20.7,card,ANON-0000-0000-0384,32.82,Latte,14,Medium,19,7,2024,July,09:20.7
19/07/2024,11:22.1,card,ANON-0000-0000-0384,32.82,Cocoa,14,Medium,19,7,2024,July,11:22.1
19/07/2024,36:19.3,card,ANON-0000-0000-0384,32.82,Latte,16,Medium,19,7,2024,July,36:19.3
19/07/2024,37:35.8,card,ANON-0000-0000-0384,32.82,Latte,16,Medium,19,7,2024,July,37:35.8
20/07/2024,05:44.5,card,ANON-0000-0000-0387,23.02,Americano,8,Medium,20,7,2024,July,05:44.5
20/07/2024,06:48.7,card,ANON-0000-0000-0387,32.82,Latte,8,Medium,20,7,2024,July,06:48.7
20/07/2024,07:51.4,card,ANON-0000-0000-0387,23.02,Americano,8,Medium,20,7,2024,July,07:51.4
20/07/2024,00:53.6,card,ANON-0000-0000-0388,32.82,Latte,9,Medium,20,7,2024,July,00:53.6
20/07/2024,02:27.8,card,ANON-0000-0000-0389,32.82,Latte,9,Medium,20,7,2024,July,02:27.8
20/07/2024,39:21.0,card,ANON-0000-0000-0390,23.02,Americano,10,Medium,20,7,2024,July,39:21.0
20/07/2024,15:09.2,card,ANON-0000-0000-0391,32.82,Latte,15,Medium,20,7,2024,July,15:09.2
21/07/2024,30:55.8,card,ANON-0000-0000-0367,32.82,Cocoa,10,Medium,21,7,2024,July,30:55.8
21/07/2024,39:28.8,card,ANON-0000-0000-0392,32.82,Cappuccino,11,Medium,21,7,2024,July,39:28.8
21/07/2024,34:30.8,card,ANON-0000-0000-0393,23.02,Cortado,13,Medium,21,7,2024,July,34:30.8
21/07/2024,42:31.4,card,ANON-0000-0000-0394,32.82,Latte,13,Medium,21,7,2024,July,42:31.4
22/07/2024,13:23.1,card,ANON-0000-0000-0375,23.02,Americano,8,Medium,22,7,2024,July,13:23.1
22/07/2024,40:49.6,card,ANON-0000-0000-0395,23.02,Americano,8,Medium,22,7,2024,July,40:49.6
22/07/2024,15:37.3,card,ANON-0000-0000-0385,27.92,Americano with Milk,10,Medium,22,7,2024,July,15:37.3
22/07/2024,44:37.6,card,ANON-0000-0000-0396,32.82,Latte,16,Medium,22,7,2024,July,44:37.6
23/07/2024,12:56.2,card,ANON-0000-0000-0197,32.82,Latte,8,Medium,23,7,2024,July,12:56.2
23/07/2024,40:19.0,card,ANON-0000-0000-0395,23.02,Americano,8,Medium,23,7,2024,July,40:19.0
23/07/2024,44:53.8,card,ANON-0000-0000-0397,27.92,Americano with Milk,8,Medium,23,7,2024,July,44:53.8
23/07/2024,49:25.1,card,ANON-0000-0000-0398,32.82,Cocoa,8,Medium,23,7,2024,July,49:25.1
23/07/2024,51:10.4,card,ANON-0000-0000-0399,32.82,Latte,8,Medium,23,7,2024,July,51:10.4
23/07/2024,01:45.7,card,ANON-0000-0000-0375,23.02,Americano,9,Medium,23,7,2024,July,01:45.7
23/07/2024,03:36.5,card,ANON-0000-0000-0400,27.92,Americano with Milk,10,Medium,23,7,2024,July,03:36.5
23/07/2024,20:05.0,card,ANON-0000-0000-0401,27.92,Americano with Milk,15,Medium,23,7,2024,July,20:05.0
23/07/2024,21:01.3,card,ANON-0000-0000-0401,32.82,Latte,15,Medium,23,7,2024,July,21:01.3
23/07/2024,01:40.6,card,ANON-0000-0000-0009,32.82,Latte,21,Medium,23,7,2024,July,01:40.6
23/07/2024,23:13.5,card,ANON-0000-0000-0012,23.02,Americano,21,Medium,23,7,2024,July,23:13.5
23/07/2024,24:22.6,card,ANON-0000-0000-0012,23.02,Americano,21,Medium,23,7,2024,July,24:22.6
24/07/2024,16:09.8,card,ANON-0000-0000-0097,27.92,Americano with Milk,9,Medium,24,7,2024,July,16:09.8
24/07/2024,38:55.0,card,ANON-0000-0000-0385,27.92,Americano with Milk,9,Medium,24,7,2024,July,38:55.0
24/07/2024,54:37.5,card,ANON-0000-0000-0402,18.12,Espresso,9,Low,24,7,2024,July,54:37.5
24/07/2024,43:53.1,card,ANON-0000-0000-0379,32.82,Cappuccino,11,Medium,24,7,2024,July,43:53.1
24/07/2024,55:13.8,card,ANON-0000-0000-0399,32.82,Latte,13,Medium,24,7,2024,July,55:13.8
24/07/2024,45:49.8,card,ANON-0000-0000-0012,18.12,Espresso,14,Low,24,7,2024,July,45:49.8
24/07/2024,18:30.5,card,ANON-0000-0000-0009,32.82,Latte,15,Medium,24,7,2024,July,18:30.5
24/07/2024,15:05.7,card,ANON-0000-0000-0205,32.82,Cappuccino,19,Medium,24,7,2024,July,15:05.7
24/07/2024,16:59.8,card,ANON-0000-0000-0205,32.82,Cappuccino,19,Medium,24,7,2024,July,16:59.8
24/07/2024,17:36.8,card,ANON-0000-0000-0040,27.92,Americano with Milk,21,Medium,24,7,2024,July,17:36.8
24/07/2024,18:41.3,card,ANON-0000-0000-0040,23.02,Americano,21,Medium,24,7,2024,July,18:41.3
24/07/2024,25:17.5,card,ANON-0000-0000-0012,23.02,Americano,21,Medium,24,7,2024,July,25:17.5
25/07/2024,54:47.9,card,ANON-0000-0000-0012,23.02,Americano,7,Medium,25,7,2024,July,54:47.9
25/07/2024,49:18.4,card,ANON-0000-0000-0399,32.82,Latte,8,Medium,25,7,2024,July,49:18.4
25/07/2024,29:44.6,card,ANON-0000-0000-0385,27.92,Americano with Milk,10,Medium,25,7,2024,July,29:44.6
25/07/2024,26:04.7,card,ANON-0000-0000-0375,23.02,Americano,11,Medium,25,7,2024,July,26:04.7
25/07/2024,25:06.5,card,ANON-0000-0000-0403,32.82,Cappuccino,15,Medium,25,7,2024,July,25:06.5
25/07/2024,21:00.8,card,ANON-0000-0000-0257,32.82,Cappuccino,19,Medium,25,7,2024,July,21:00.8
25/07/2024,06:01.3,card,ANON-0000-0000-0404,23.02,Cortado,21,Medium,25,7,2024,July,06:01.3
25/07/2024,06:50.0,card,ANON-0000-0000-0404,18.12,Espresso,21,Low,25,7,2024,July,06:50.0
25/07/2024,38:51.3,card,ANON-0000-0000-0328,23.02,Cortado,22,Medium,25,7,2024,July,38:51.3
25/07/2024,39:46.8,card,ANON-0000-0000-0405,32.82,Cocoa,22,Medium,25,7,2024,July,39:46.8
26/07/2024,33:01.3,card,ANON-0000-0000-0406,32.82,Latte,8,Medium,26,7,2024,July,33:01.3
26/07/2024,19:37.4,card,ANON-0000-0000-0097,27.92,Americano with Milk,9,Medium,26,7,2024,July,19:37.4
26/07/2024,20:34.3,card,ANON-0000-0000-0059,18.12,Espresso,9,Low,26,7,2024,July,20:34.3
26/07/2024,33:11.5,card,ANON-0000-0000-0407,23.02,Cortado,9,Medium,26,7,2024,July,33:11.5
26/07/2024,34:16.6,card,ANON-0000-0000-0407,23.02,Cortado,9,Medium,26,7,2024,July,34:16.6
26/07/2024,59:07.9,card,ANON-0000-0000-0408,32.82,Latte,9,Medium,26,7,2024,July,59:07.9
26/07/2024,00:02.7,card,ANON-0000-0000-0408,32.82,Latte,10,Medium,26,7,2024,July,00:02.7
26/07/2024,47:13.9,card,ANON-0000-0000-0385,27.92,Americano with Milk,11,Medium,26,7,2024,July,47:13.9
26/07/2024,07:01.7,card,ANON-0000-0000-0379,27.92,Americano with Milk,12,Medium,26,7,2024,July,07:01.7
26/07/2024,28:08.0,card,ANON-0000-0000-0339,32.82,Cappuccino,12,Medium,26,7,2024,July,28:08.0
26/07/2024,29:17.7,card,ANON-0000-0000-0339,32.82,Cappuccino,12,Medium,26,7,2024,July,29:17.7
26/07/2024,09:56.1,card,ANON-0000-0000-0409,32.82,Latte,13,Medium,26,7,2024,July,09:56.1
26/07/2024,23:29.3,card,ANON-0000-0000-0410,23.02,Americano,17,Medium,26,7,2024,July,23:29.3
26/07/2024,58:29.2,card,ANON-0000-0000-0411,32.82,Cappuccino,17,Medium,26,7,2024,July,58:29.2
26/07/2024,15:09.6,card,ANON-0000-0000-0009,32.82,Latte,21,Medium,26,7,2024,July,15:09.6
26/07/2024,49:52.3,card,ANON-0000-0000-0412,27.92,Americano with Milk,22,Medium,26,7,2024,July,49:52.3
27/07/2024,09:16.5,card,ANON-0000-0000-0097,32.82,Cappuccino,9,Medium,27,7,2024,July,09:16.5
27/07/2024,55:31.4,card,ANON-0000-0000-0413,27.92,Americano with Milk,11,Medium,27,7,2024,July,55:31.4
27/07/2024,25:10.1,card,ANON-0000-0000-0059,27.92,Americano with Milk,12,Medium,27,7,2024,July,25:10.1
27/07/2024,26:13.2,card,ANON-0000-0000-0040,18.12,Espresso,12,Low,27,7,2024,July,26:13.2
27/07/2024,33:23.1,card,ANON-0000-0000-0059,27.92,Americano with Milk,12,Medium,27,7,2024,July,33:23.1
27/07/2024,28:41.9,card,ANON-0000-0000-0225,18.12,Espresso,14,Low,27,7,2024,July,28:41.9
27/07/2024,51:53.2,card,ANON-0000-0000-0077,32.82,Latte,14,Medium,27,7,2024,July,51:53.2
27/07/2024,02:33.4,card,ANON-0000-0000-0414,32.82,Cappuccino,17,Medium,27,7,2024,July,02:33.4
27/07/2024,03:39.1,card,ANON-0000-0000-0415,32.82,Cappuccino,17,Medium,27,7,2024,July,03:39.1
27/07/2024,09:00.4,card,ANON-0000-0000-0416,27.92,Americano with Milk,17,Medium,27,7,2024,July,09:00.4
27/07/2024,10:08.1,card,ANON-0000-0000-0416,27.92,Americano with Milk,17,Medium,27,7,2024,July,10:08.1
27/07/2024,55:20.2,card,ANON-0000-0000-0009,32.82,Latte,20,Medium,27,7,2024,July,55:20.2
27/07/2024,56:23.9,card,ANON-0000-0000-0417,32.82,Cappuccino,22,Medium,27,7,2024,July,56:23.9
28/07/2024,07:25.9,card,ANON-0000-0000-0012,18.12,Espresso,11,Low,28,7,2024,July,07:25.9
28/07/2024,17:54.2,card,ANON-0000-0000-0276,27.92,Americano with Milk,14,Medium,28,7,2024,July,17:54.2
28/07/2024,18:52.2,card,ANON-0000-0000-0276,32.82,Latte,14,Medium,28,7,2024,July,18:52.2
29/07/2024,12:06.4,card,ANON-0000-0000-0418,32.82,Latte,8,Medium,29,7,2024,July,12:06.4
29/07/2024,04:48.0,card,ANON-0000-0000-0012,23.02,Americano,9,Medium,29,7,2024,July,04:48.0
29/07/2024,15:46.2,card,ANON-0000-0000-0097,27.92,Americano with Milk,9,Medium,29,7,2024,July,15:46.2
29/07/2024,19:44.1,card,ANON-0000-0000-0003,23.02,Americano,9,Medium,29,7,2024,July,19:44.1
29/07/2024,51:24.7,card,ANON-0000-0000-0419,27.92,Americano with Milk,9,Medium,29,7,2024,July,51:24.7
29/07/2024,58:29.6,card,ANON-0000-0000-0420,32.82,Cappuccino,9,Medium,29,7,2024,July,58:29.6
29/07/2024,43:44.0,card,ANON-0000-0000-0421,32.82,Hot Chocolate,10,Medium,29,7,2024,July,43:44.0
29/07/2024,44:55.8,card,ANON-0000-0000-0421,32.82,Hot Chocolate,10,Medium,29,7,2024,July,44:55.8
29/07/2024,06:31.1,card,ANON-0000-0000-0422,32.82,Cappuccino,19,Medium,29,7,2024,July,06:31.1
29/07/2024,30:16.3,card,ANON-0000-0000-0099,23.02,Americano,19,Medium,29,7,2024,July,30:16.3
29/07/2024,57:34.4,card,ANON-0000-0000-0328,32.82,Cocoa,21,Medium,29,7,2024,July,57:34.4
30/07/2024,41:10.9,card,ANON-0000-0000-0423,27.92,Americano with Milk,7,Medium,30,7,2024,July,41:10.9
30/07/2024,05:07.2,card,ANON-0000-0000-0424,23.02,Cortado,8,Medium,30,7,2024,July,05:07.2
30/07/2024,20:51.1,card,ANON-0000-0000-0425,32.82,Cappuccino,8,Medium,30,7,2024,July,20:51.1
30/07/2024,13:43.2,card,ANON-0000-0000-0097,27.92,Americano with Milk,9,Medium,30,7,2024,July,13:43.2
30/07/2024,17:11.1,card,ANON-0000-0000-0141,23.02,Cortado,10,Medium,30,7,2024,July,17:11.1
30/07/2024,19:34.2,card,ANON-0000-0000-0276,27.92,Americano with Milk,10,Medium,30,7,2024,July,19:34.2
30/07/2024,23:20.1,card,ANON-0000-0000-0250,32.82,Latte,10,Medium,30,7,2024,July,23:20.1
30/07/2024,12:07.4,card,ANON-0000-0000-0426,23.02,Americano,11,Medium,30,7,2024,July,12:07.4
30/07/2024,13:16.2,card,ANON-0000-0000-0426,18.12,Espresso,11,Low,30,7,2024,July,13:16.2
30/07/2024,14:41.7,card,ANON-0000-0000-0427,27.92,Americano with Milk,11,Medium,30,7,2024,July,14:41.7
30/07/2024,16:01.6,card,ANON-0000-0000-0428,27.92,Americano with Milk,11,Medium,30,7,2024,July,16:01.6
30/07/2024,30:34.7,card,ANON-0000-0000-0429,27.92,Americano with Milk,11,Medium,30,7,2024,July,30:34.7
30/07/2024,31:40.8,card,ANON-0000-0000-0430,27.92,Americano with Milk,11,Medium,30,7,2024,July,31:40.8
30/07/2024,08:07.5,card,ANON-0000-0000-0431,32.82,Latte,12,Medium,30,7,2024,July,08:07.5
30/07/2024,16:09.6,card,ANON-0000-0000-0432,27.92,Americano with Milk,15,Medium,30,7,2024,July,16:09.6
30/07/2024,08:52.9,card,ANON-0000-0000-0433,23.02,Cortado,16,Medium,30,7,2024,July,08:52.9
30/07/2024,09:43.6,card,ANON-0000-0000-0433,27.92,Americano with Milk,16,Medium,30,7,2024,July,09:43.6
30/07/2024,24:19.9,card,ANON-0000-0000-0434,18.12,Espresso,20,Low,30,7,2024,July,24:19.9
30/07/2024,53:51.9,card,ANON-0000-0000-0097,27.92,Americano with Milk,20,Medium,30,7,2024,July,53:51.9
30/07/2024,54:46.3,card,ANON-0000-0000-0097,27.92,Americano with Milk,20,Medium,30,7,2024,July,54:46.3
30/07/2024,57:02.3,card,ANON-0000-0000-0347,27.92,Americano with Milk,20,Medium,30,7,2024,July,57:02.3
30/07/2024,33:19.2,card,ANON-0000-0000-0435,32.82,Latte,21,Medium,30,7,2024,July,33:19.2
30/07/2024,15:21.5,card,ANON-0000-0000-0436,23.02,Americano,22,Medium,30,7,2024,July,15:21.5
30/07/2024,16:19.3,card,ANON-0000-0000-0436,32.82,Cappuccino,22,Medium,30,7,2024,July,16:19.3
31/07/2024,59:52.1,card,ANON-0000-0000-0423,27.92,Americano with Milk,7,Medium,31,7,2024,July,59:52.1
31/07/2024,37:41.9,card,ANON-0000-0000-0437,27.92,Americano with Milk,8,Medium,31,7,2024,July,37:41.9
31/07/2024,38:38.2,card,ANON-0000-0000-0437,27.92,Americano with Milk,8,Medium,31,7,2024,July,38:38.2
31/07/2024,54:45.3,card,ANON-0000-0000-0388,23.02,Americano,9,Medium,31,7,2024,July,54:45.3
31/07/2024,55:45.1,card,ANON-0000-0000-0388,23.02,Americano,9,Medium,31,7,2024,July,55:45.1
31/07/2024,58:15.9,card,ANON-0000-0000-0276,27.92,Americano with Milk,9,Medium,31,7,2024,July,58:15.9
31/07/2024,11:42.6,card,ANON-0000-0000-0384,32.82,Cocoa,13,Medium,31,7,2024,July,11:42.6
31/07/2024,14:00.3,card,ANON-0000-0000-0384,32.82,Latte,13,Medium,31,7,2024,July,14:00.3
31/07/2024,24:49.4,card,ANON-0000-0000-0438,27.92,Americano with Milk,13,Medium,31,7,2024,July,24:49.4
31/07/2024,48:06.8,card,ANON-0000-0000-0439,23.02,Cortado,17,Medium,31,7,2024,July,48:06.8
31/07/2024,04:15.0,card,ANON-0000-0000-0440,32.82,Latte,18,Medium,31,7,2024,July,04:15.0
31/07/2024,22:38.9,card,ANON-0000-0000-0441,23.02,Cortado,19,Medium,31,7,2024,July,22:38.9
31/07/2024,28:45.1,card,ANON-0000-0000-0009,32.82,Latte,19,Medium,31,7,2024,July,28:45.1
31/07/2024,46:42.4,card,ANON-0000-0000-0442,32.82,Cocoa,20,Medium,31,7,2024,July,46:42.4
31/07/2024,50:07.4,card,ANON-0000-0000-0443,23.02,Cortado,20,Medium,31,7,2024,July,50:07.4
31/07/2024,51:10.4,card,ANON-0000-0000-0443,32.82,Latte,20,Medium,31,7,2024,July,51:10.4
31/07/2024,52:14.8,card,ANON-0000-0000-0153,32.82,Cappuccino,20,Medium,31,7,2024,July,52:14.8
31/07/2024,53:35.1,card,ANON-0000-0000-0443,23.02,Cortado,20,Medium,31,7,2024,July,53:35.1
31/07/2024,59:25.0,card,ANON-0000-0000-0040,27.92,Americano with Milk,20,Medium,31,7,2024,July,59:25.0
31/07/2024,26:26.0,card,ANON-0000-0000-0444,32.82,Latte,21,Medium,31,7,2024,July,21:26:26
31/07/2024,54:11.8,card,ANON-0000-0000-0445,32.82,Latte,21,Medium,31,7,2024,July,54:11.8
31/07/2024,55:16.6,card,ANON-0000-0000-0446,32.82,Latte,21,Medium,31,7,2024,July,55:16.6
01/08/2024,31:00.1,card,ANON-0000-0000-0423,27.92,Americano with Milk,7,Medium,1,8,2024,August,31:00.1
01/08/2024,25:20.1,card,ANON-0000-0000-0276,27.92,Americano with Milk,9,Medium,1,8,2024,August,25:20.1
01/08/2024,04:14.1,card,ANON-0000-0000-0097,27.92,Americano with Milk,11,Medium,1,8,2024,August,04:14.1
01/08/2024,22:46.4,card,ANON-0000-0000-0447,27.92,Americano with Milk,11,Medium,1,8,2024,August,22:46.4
01/08/2024,22:46.6,card,ANON-0000-0000-0448,23.02,Cortado,13,Medium,1,8,2024,August,22:46.6
01/08/2024,23:37.3,card,ANON-0000-0000-0448,32.82,Cappuccino,13,Medium,1,8,2024,August,23:37.3
01/08/2024,49:07.3,card,ANON-0000-0000-0449,32.82,Cappuccino,13,Medium,1,8,2024,August,49:07.3
01/08/2024,43:43.8,card,ANON-0000-0000-0423,27.92,Americano with Milk,15,Medium,1,8,2024,August,43:43.8
01/08/2024,24:00.7,card,ANON-0000-0000-0450,27.92,Americano with Milk,16,Medium,1,8,2024,August,24:00.7
01/08/2024,26:07.3,card,ANON-0000-0000-0450,23.02,Americano,16,Medium,1,8,2024,August,26:07.3
01/08/2024,23:35.2,card,ANON-0000-0000-0451,23.02,Americano,17,Medium,1,8,2024,August,23:35.2
01/08/2024,41:28.1,card,ANON-0000-0000-0452,32.82,Cappuccino,20,Medium,1,8,2024,August,41:28.1
02/08/2024,01:54.2,card,ANON-0000-0000-0453,27.92,Americano with Milk,9,Medium,2,8,2024,August,01:54.2
02/08/2024,35:02.9,card,ANON-0000-0000-0097,27.92,Americano with Milk,9,Medium,2,8,2024,August,35:02.9
02/08/2024,09:19.5,card,ANON-0000-0000-0141,23.02,Cortado,11,Medium,2,8,2024,August,09:19.5
02/08/2024,08:35.3,card,ANON-0000-0000-0454,27.92,Americano with Milk,18,Medium,2,8,2024,August,08:35.3
02/08/2024,23:04.4,card,ANON-0000-0000-0009,32.82,Latte,21,Medium,2,8,2024,August,23:04.4
03/08/2024,53:46.7,card,ANON-0000-0000-0097,27.92,Americano with Milk,8,Medium,3,8,2024,August,53:46.7
03/08/2024,37:19.2,card,ANON-0000-0000-0401,27.92,Americano with Milk,9,Medium,3,8,2024,August,37:19.2
03/08/2024,38:41.0,card,ANON-0000-0000-0401,27.92,Americano with Milk,9,Medium,3,8,2024,August,38:41.0
03/08/2024,12:25.6,card,ANON-0000-0000-0304,27.92,Americano with Milk,10,Medium,3,8,2024,August,12:25.6
03/08/2024,20:26.6,card,ANON-0000-0000-0455,23.02,Cortado,11,Medium,3,8,2024,August,20:26.6
03/08/2024,21:22.0,card,ANON-0000-0000-0455,23.02,Cortado,11,Medium,3,8,2024,August,11:21:22
03/08/2024,56:36.6,card,ANON-0000-0000-0040,18.12,Espresso,11,Low,3,8,2024,August,56:36.6
03/08/2024,57:31.3,card,ANON-0000-0000-0040,27.92,Americano with Milk,11,Medium,3,8,2024,August,57:31.3
03/08/2024,03:35.8,card,ANON-0000-0000-0040,27.92,Americano with Milk,12,Medium,3,8,2024,August,03:35.8
03/08/2024,53:59.9,card,ANON-0000-0000-0322,27.92,Americano with Milk,16,Medium,3,8,2024,August,53:59.9
03/08/2024,38:42.0,card,ANON-0000-0000-0456,32.82,Cappuccino,18,Medium,3,8,2024,August,38:42.0
03/08/2024,30:49.0,card,ANON-0000-0000-0457,32.82,Latte,21,Medium,3,8,2024,August,30:49.0
03/08/2024,33:06.3,card,ANON-0000-0000-0457,32.82,Latte,21,Medium,3,8,2024,August,33:06.3
04/08/2024,18:37.3,card,ANON-0000-0000-0458,32.82,Cappuccino,8,Medium,4,8,2024,August,18:37.3
04/08/2024,37:51.1,card,ANON-0000-0000-0040,27.92,Americano with Milk,10,Medium,4,8,2024,August,37:51.1
04/08/2024,50:54.6,card,ANON-0000-0000-0258,32.82,Cappuccino,11,Medium,4,8,2024,August,50:54.6
04/08/2024,52:33.0,card,ANON-0000-0000-0258,27.92,Americano with Milk,11,Medium,4,8,2024,August,52:33.0
04/08/2024,33:52.1,card,ANON-0000-0000-0268,32.82,Cappuccino,15,Medium,4,8,2024,August,33:52.1
04/08/2024,35:05.9,card,ANON-0000-0000-0268,32.82,Cappuccino,15,Medium,4,8,2024,August,35:05.9
05/08/2024,50:05.8,card,ANON-0000-0000-0459,23.02,Cortado,8,Medium,5,8,2024,August,50:05.8
05/08/2024,19:19.2,card,ANON-0000-0000-0097,27.92,Americano with Milk,9,Medium,5,8,2024,August,19:19.2
05/08/2024,20:47.4,card,ANON-0000-0000-0375,23.02,Cortado,11,Medium,5,8,2024,August,20:47.4
05/08/2024,45:22.5,card,ANON-0000-0000-0460,32.82,Cappuccino,13,Medium,5,8,2024,August,45:22.5
05/08/2024,05:57.7,card,ANON-0000-0000-0461,32.82,Latte,16,Medium,5,8,2024,August,05:57.7
05/08/2024,07:18.8,card,ANON-0000-0000-0461,32.82,Latte,16,Medium,5,8,2024,August,07:18.8
05/08/2024,44:24.5,card,ANON-0000-0000-0462,32.82,Latte,17,Medium,5,8,2024,August,44:24.5
05/08/2024,45:32.1,card,ANON-0000-0000-0462,27.92,Americano with Milk,17,Medium,5,8,2024,August,45:32.1
05/08/2024,20:02.7,card,ANON-0000-0000-0019,32.82,Latte,19,Medium,5,8,2024,August,20:02.7
05/08/2024,34:51.5,card,ANON-0000-0000-0009,32.82,Latte,19,Medium,5,8,2024,August,34:51.5
05/08/2024,49:30.9,card,ANON-0000-0000-0463,32.82,Cocoa,20,Medium,5,8,2024,August,49:30.9
05/08/2024,50:21.9,card,ANON-0000-0000-0463,32.82,Cocoa,20,Medium,5,8,2024,August,50:21.9
05/08/2024,43:48.2,card,ANON-0000-0000-0464,27.92,Americano with Milk,22,Medium,5,8,2024,August,43:48.2
06/08/2024,21:03.3,card,ANON-0000-0000-0375,23.02,Cortado,10,Medium,6,8,2024,August,21:03.3
06/08/2024,32:32.3,card,ANON-0000-0000-0465,32.82,Hot Chocolate,10,Medium,6,8,2024,August,32:32.3
06/08/2024,40:49.2,card,ANON-0000-0000-0466,32.82,Cappuccino,17,Medium,6,8,2024,August,40:49.2
06/08/2024,42:52.7,card,ANON-0000-0000-0466,32.82,Latte,17,Medium,6,8,2024,August,42:52.7
06/08/2024,44:05.1,card,ANON-0000-0000-0466,32.82,Cocoa,17,Medium,6,8,2024,August,44:05.1
06/08/2024,04:04.5,card,ANON-0000-0000-0019,32.82,Latte,19,Medium,6,8,2024,August,04:04.5
06/08/2024,05:23.1,card,ANON-0000-0000-0467,27.92,Americano with Milk,19,Medium,6,8,2024,August,05:23.1
06/08/2024,04:27.1,card,ANON-0000-0000-0468,32.82,Latte,20,Medium,6,8,2024,August,04:27.1
07/08/2024,55:48.5,card,ANON-0000-0000-0453,27.92,Americano with Milk,8,Medium,7,8,2024,August,55:48.5
07/08/2024,12:26.8,card,ANON-0000-0000-0003,23.02,Americano,12,Medium,7,8,2024,August,12:26.8
07/08/2024,13:40.7,card,ANON-0000-0000-0003,23.02,Americano,12,Medium,7,8,2024,August,13:40.7
07/08/2024,11:16.2,card,ANON-0000-0000-0469,18.12,Espresso,13,Low,7,8,2024,August,11:16.2
07/08/2024,19:01.7,card,ANON-0000-0000-0470,23.02,Americano,16,Medium,7,8,2024,August,19:01.7
07/08/2024,36:22.7,card,ANON-0000-0000-0009,32.82,Latte,19,Medium,7,8,2024,August,36:22.7
07/08/2024,40:09.3,card,ANON-0000-0000-0442,32.82,Cocoa,20,Medium,7,8,2024,August,40:09.3
07/08/2024,18:12.0,card,ANON-0000-0000-0328,32.82,Cappuccino,21,Medium,7,8,2024,August,18:12.0
07/08/2024,28:56.7,card,ANON-0000-0000-0471,32.82,Latte,22,Medium,7,8,2024,August,28:56.7
07/08/2024,32:16.0,card,ANON-0000-0000-0472,32.82,Latte,22,Medium,7,8,2024,August,32:16.0
08/08/2024,46:36.2,card,ANON-0000-0000-0141,18.12,Espresso,8,Low,8,8,2024,August,46:36.2
08/08/2024,47:28.7,card,ANON-0000-0000-0141,23.02,Cortado,8,Medium,8,8,2024,August,47:28.7
08/08/2024,27:05.4,card,ANON-0000-0000-0420,27.92,Americano with Milk,12,Medium,8,8,2024,August,27:05.4
08/08/2024,43:19.6,card,ANON-0000-0000-0141,23.02,Cortado,12,Medium,8,8,2024,August,43:19.6
08/08/2024,44:15.0,card,ANON-0000-0000-0141,23.02,Cortado,12,Medium,8,8,2024,August,44:15.0
08/08/2024,57:53.3,card,ANON-0000-0000-0473,32.82,Cappuccino,16,Medium,8,8,2024,August,57:53.3
08/08/2024,17:51.7,card,ANON-0000-0000-0474,32.82,Cappuccino,17,Medium,8,8,2024,August,17:51.7
08/08/2024,25:59.3,card,ANON-0000-0000-0311,27.92,Americano with Milk,21,Medium,8,8,2024,August,25:59.3
09/08/2024,35:22.3,card,ANON-0000-0000-0475,32.82,Latte,7,Medium,9,8,2024,August,35:22.3
09/08/2024,53:34.6,card,ANON-0000-0000-0476,23.02,Americano,9,Medium,9,8,2024,August,53:34.6
09/08/2024,13:07.5,card,ANON-0000-0000-0141,23.02,Cortado,10,Medium,9,8,2024,August,13:07.5
09/08/2024,26:47.2,card,ANON-0000-0000-0311,27.92,Americano with Milk,10,Medium,9,8,2024,August,26:47.2
09/08/2024,28:08.7,card,ANON-0000-0000-0475,32.82,Latte,11,Medium,9,8,2024,August,28:08.7
09/08/2024,29:48.7,card,ANON-0000-0000-0477,23.02,Americano,11,Medium,9,8,2024,August,29:48.7
09/08/2024,56:27.7,card,ANON-0000-0000-0478,23.02,Americano,18,Medium,9,8,2024,August,56:27.7
09/08/2024,03:06.6,card,ANON-0000-0000-0479,32.82,Hot Chocolate,19,Medium,9,8,2024,August,03:06.6
10/08/2024,36:44.6,card,ANON-0000-0000-0480,32.82,Cappuccino,8,Medium,10,8,2024,August,36:44.6
10/08/2024,37:57.1,card,ANON-0000-0000-0480,27.92,Americano with Milk,8,Medium,10,8,2024,August,37:57.1
10/08/2024,45:09.0,card,ANON-0000-0000-0141,23.02,Cortado,8,Medium,10,8,2024,August,45:09.0
10/08/2024,52:33.8,card,ANON-0000-0000-0012,23.02,Cortado,11,Medium,10,8,2024,August,52:33.8
10/08/2024,54:23.5,card,ANON-0000-0000-0012,23.02,Americano,11,Medium,10,8,2024,August,54:23.5
10/08/2024,15:10.9,card,ANON-0000-0000-0481,32.82,Latte,12,Medium,10,8,2024,August,15:10.9
10/08/2024,33:12.5,card,ANON-0000-0000-0463,27.92,Americano with Milk,12,Medium,10,8,2024,August,33:12.5
10/08/2024,06:12.1,card,ANON-0000-0000-0009,32.82,Latte,16,Medium,10,8,2024,August,06:12.1
10/08/2024,16:48.6,card,ANON-0000-0000-0482,32.82,Cocoa,21,Medium,10,8,2024,August,16:48.6
10/08/2024,17:41.1,card,ANON-0000-0000-0482,32.82,Cocoa,21,Medium,10,8,2024,August,17:41.1
10/08/2024,37:41.5,card,ANON-0000-0000-0442,32.82,Cocoa,21,Medium,10,8,2024,August,37:41.5
11/08/2024,52:36.6,card,ANON-0000-0000-0440,32.82,Latte,9,Medium,11,8,2024,August,52:36.6
11/08/2024,53:43.6,card,ANON-0000-0000-0440,32.82,Latte,9,Medium,11,8,2024,August,53:43.6
11/08/2024,17:23.6,card,ANON-0000-0000-0347,27.92,Americano with Milk,10,Medium,11,8,2024,August,17:23.6
11/08/2024,56:41.1,card,ANON-0000-0000-0480,32.82,Cappuccino,11,Medium,11,8,2024,August,56:41.1
11/08/2024,57:41.3,card,ANON-0000-0000-0480,27.92,Americano with Milk,11,Medium,11,8,2024,August,57:41.3
11/08/2024,20:19.6,card,ANON-0000-0000-0141,23.02,Cortado,12,Medium,11,8,2024,August,20:19.6
11/08/2024,53:51.6,card,ANON-0000-0000-0483,32.82,Latte,15,Medium,11,8,2024,August,53:51.6
11/08/2024,55:14.9,card,ANON-0000-0000-0484,27.92,Americano with Milk,15,Medium,11,8,2024,August,55:14.9
11/08/2024,56:27.7,card,ANON-0000-0000-0484,32.82,Cocoa,15,Medium,11,8,2024,August,56:27.7
11/08/2024,27:35.1,card,ANON-0000-0000-0414,32.82,Cappuccino,16,Medium,11,8,2024,August,27:35.1
11/08/2024,28:38.3,card,ANON-0000-0000-0485,18.12,Espresso,16,Low,11,8,2024,August,28:38.3
11/08/2024,30:32.5,card,ANON-0000-0000-0486,23.02,Cortado,21,Medium,11,8,2024,August,30:32.5
11/08/2024,41:09.1,card,ANON-0000-0000-0475,32.82,Latte,21,Medium,11,8,2024,August,41:09.1
11/08/2024,43:10.1,card,ANON-0000-0000-0487,32.82,Latte,21,Medium,11,8,2024,August,43:10.1
11/08/2024,39:29.9,card,ANON-0000-0000-0488,32.82,Cappuccino,22,Medium,11,8,2024,August,39:29.9
12/08/2024,26:19.5,card,ANON-0000-0000-0367,32.82,Hot Chocolate,8,Medium,12,8,2024,August,26:19.5
12/08/2024,15:04.8,card,ANON-0000-0000-0489,27.92,Americano with Milk,11,Medium,12,8,2024,August,15:04.8
12/08/2024,19:29.5,card,ANON-0000-0000-0490,23.02,Americano,11,Medium,12,8,2024,August,19:29.5
12/08/2024,20:23.6,card,ANON-0000-0000-0490,32.82,Latte,11,Medium,12,8,2024,August,20:23.6
12/08/2024,44:28.4,card,ANON-0000-0000-0491,32.82,Latte,11,Medium,12,8,2024,August,44:28.4
12/08/2024,04:03.4,card,ANON-0000-0000-0492,18.12,Espresso,14,Low,12,8,2024,August,04:03.4
12/08/2024,05:06.9,card,ANON-0000-0000-0492,27.92,Americano with Milk,14,Medium,12,8,2024,August,05:06.9
12/08/2024,33:33.1,card,ANON-0000-0000-0493,27.92,Americano with Milk,15,Medium,12,8,2024,August,33:33.1
12/08/2024,05:04.8,card,ANON-0000-0000-0097,27.92,Americano with Milk,18,Medium,12,8,2024,August,05:04.8
12/08/2024,25:49.4,card,ANON-0000-0000-0097,27.92,Americano with Milk,21,Medium,12,8,2024,August,25:49.4
12/08/2024,37:38.0,card,ANON-0000-0000-0494,32.82,Latte,21,Medium,12,8,2024,August,37:38.0
12/08/2024,58:20.1,card,ANON-0000-0000-0134,32.82,Cappuccino,22,Medium,12,8,2024,August,58:20.1
12/08/2024,59:18.5,card,ANON-0000-0000-0134,32.82,Cappuccino,22,Medium,12,8,2024,August,59:18.5
13/08/2024,44:30.2,card,ANON-0000-0000-0495,27.92,Americano with Milk,8,Medium,13,8,2024,August,44:30.2
13/08/2024,14:21.6,card,ANON-0000-0000-0097,27.92,Americano with Milk,9,Medium,13,8,2024,August,14:21.6
13/08/2024,45:56.4,card,ANON-0000-0000-0385,27.92,Americano with Milk,9,Medium,13,8,2024,August,45:56.4
13/08/2024,42:08.8,card,ANON-0000-0000-0141,23.02,Cortado,10,Medium,13,8,2024,August,42:08.8
13/08/2024,59:47.6,card,ANON-0000-0000-0496,32.82,Latte,11,Medium,13,8,2024,August,59:47.6
13/08/2024,01:41.5,card,ANON-0000-0000-0497,27.92,Americano with Milk,13,Medium,13,8,2024,August,01:41.5
13/08/2024,45:39.7,card,ANON-0000-0000-0494,32.82,Latte,14,Medium,13,8,2024,August,45:39.7
13/08/2024,47:56.7,card,ANON-0000-0000-0498,32.82,Cappuccino,15,Medium,13,8,2024,August,47:56.7
13/08/2024,55:29.6,card,ANON-0000-0000-0097,27.92,Americano with Milk,15,Medium,13,8,2024,August,55:29.6
13/08/2024,29:34.5,card,ANON-0000-0000-0499,32.82,Latte,20,Medium,13,8,2024,August,29:34.5
13/08/2024,30:37.1,card,ANON-0000-0000-0499,32.82,Cocoa,20,Medium,13,8,2024,August,30:37.2
13/08/2024,44:23.0,card,ANON-0000-0000-0500,32.82,Cappuccino,20,Medium,13,8,2024,August,44:23.0
13/08/2024,00:44.7,card,ANON-0000-0000-0501,23.02,Cortado,21,Medium,13,8,2024,August,00:44.7
14/08/2024,35:48.1,card,ANON-0000-0000-0475,32.82,Latte,7,Medium,14,8,2024,August,35:48.1
14/08/2024,36:55.6,card,ANON-0000-0000-0472,32.82,Cappuccino,7,Medium,14,8,2024,August,36:55.6
14/08/2024,09:29.1,card,ANON-0000-0000-0141,23.02,Cortado,10,Medium,14,8,2024,August,09:29.1
14/08/2024,39:07.9,card,ANON-0000-0000-0095,18.12,Espresso,11,Low,14,8,2024,August,39:07.9
14/08/2024,49:17.0,card,ANON-0000-0000-0502,23.02,Americano,12,Medium,14,8,2024,August,49:17.0
14/08/2024,51:04.9,card,ANON-0000-0000-0450,23.02,Americano,12,Medium,14,8,2024,August,51:04.9
14/08/2024,21:27.3,card,ANON-0000-0000-0503,32.82,Latte,15,Medium,14,8,2024,August,21:27.3
14/08/2024,24:22.8,card,ANON-0000-0000-0504,23.02,Americano,17,Medium,14,8,2024,August,24:22.8
14/08/2024,10:03.7,card,ANON-0000-0000-0505,23.02,Cortado,18,Medium,14,8,2024,August,10:03.7
14/08/2024,59:18.3,card,ANON-0000-0000-0506,27.92,Americano with Milk,18,Medium,14,8,2024,August,59:18.3
14/08/2024,34:51.7,card,ANON-0000-0000-0012,32.82,Latte,19,Medium,14,8,2024,August,34:51.7
14/08/2024,35:48.5,card,ANON-0000-0000-0012,23.02,Cortado,19,Medium,14,8,2024,August,35:48.5
14/08/2024,41:33.0,card,ANON-0000-0000-0507,32.82,Latte,21,Medium,14,8,2024,August,41:33.0
15/08/2024,36:11.2,card,ANON-0000-0000-0141,23.02,Cortado,9,Medium,15,8,2024,August,36:11.2
15/08/2024,37:02.2,card,ANON-0000-0000-0508,32.82,Cappuccino,9,Medium,15,8,2024,August,37:02.2
15/08/2024,38:04.9,card,ANON-0000-0000-0509,32.82,Hot Chocolate,9,Medium,15,8,2024,August,38:04.9
15/08/2024,38:49.7,card,ANON-0000-0000-0509,32.82,Latte,9,Medium,15,8,2024,August,38:49.7
15/08/2024,38:37.6,card,ANON-0000-0000-0232,32.82,Latte,12,Medium,15,8,2024,August,38:37.6
15/08/2024,48:13.6,card,ANON-0000-0000-0510,32.82,Latte,13,Medium,15,8,2024,August,48:13.6
15/08/2024,17:48.2,card,ANON-0000-0000-0012,23.02,Americano,14,Medium,15,8,2024,August,17:48.2
15/08/2024,18:50.8,card,ANON-0000-0000-0012,18.12,Espresso,14,Low,15,8,2024,August,18:50.8
15/08/2024,53:52.2,card,ANON-0000-0000-0511,27.92,Americano with Milk,17,Medium,15,8,2024,August,53:52.2
15/08/2024,10:58.2,card,ANON-0000-0000-0512,32.82,Hot Chocolate,19,Medium,15,8,2024,August,10:58.2
15/08/2024,11:54.0,card,ANON-0000-0000-0512,27.92,Americano with Milk,19,Medium,15,8,2024,August,11:54.0
15/08/2024,41:30.2,card,ANON-0000-0000-0513,27.92,Americano with Milk,19,Medium,15,8,2024,August,41:30.2
15/08/2024,42:38.0,card,ANON-0000-0000-0513,23.02,Americano,19,Medium,15,8,2024,August,42:38.0
15/08/2024,40:41.5,card,ANON-0000-0000-0514,32.82,Cappuccino,20,Medium,15,8,2024,August,40:41.5
15/08/2024,35:20.1,card,ANON-0000-0000-0040,18.12,Espresso,21,Low,15,8,2024,August,35:20.1
15/08/2024,36:11.0,card,ANON-0000-0000-0040,27.92,Americano with Milk,21,Medium,15,8,2024,August,36:11.0
16/08/2024,29:16.7,card,ANON-0000-0000-0513,32.82,Latte,12,Medium,16,8,2024,August,29:16.7
16/08/2024,54:17.5,card,ANON-0000-0000-0515,23.02,Americano,12,Medium,16,8,2024,August,54:17.5
16/08/2024,36:12.8,card,ANON-0000-0000-0429,27.92,Americano with Milk,13,Medium,16,8,2024,August,36:12.8
16/08/2024,18:51.7,card,ANON-0000-0000-0012,18.12,Espresso,15,Low,16,8,2024,August,18:51.7
16/08/2024,19:39.3,card,ANON-0000-0000-0012,18.12,Espresso,15,Low,16,8,2024,August,19:39.3
17/08/2024,16:53.5,card,ANON-0000-0000-0097,27.92,Americano with Milk,9,Medium,17,8,2024,August,16:53.5
17/08/2024,18:09.0,card,ANON-0000-0000-0516,32.82,Cappuccino,9,Medium,17,8,2024,August,18:09.0
17/08/2024,53:41.3,card,ANON-0000-0000-0517,27.92,Americano with Milk,10,Medium,17,8,2024,August,53:41.3
17/08/2024,58:41.6,card,ANON-0000-0000-0141,23.02,Cortado,11,Medium,17,8,2024,August,58:41.6
17/08/2024,59:28.3,card,ANON-0000-0000-0141,23.02,Cortado,11,Medium,17,8,2024,August,59:28.3
17/08/2024,18:40.2,card,ANON-0000-0000-0518,27.92,Americano with Milk,13,Medium,17,8,2024,August,18:40.2
17/08/2024,31:54.8,card,ANON-0000-0000-0277,23.02,Cortado,16,Medium,17,8,2024,August,31:54.8
17/08/2024,33:49.0,card,ANON-0000-0000-0192,32.82,Latte,16,Medium,17,8,2024,August,33:49.0
17/08/2024,48:58.9,card,ANON-0000-0000-0456,32.82,Cappuccino,18,Medium,17,8,2024,August,48:58.9
17/08/2024,18:56.8,card,ANON-0000-0000-0040,27.92,Americano with Milk,21,Medium,17,8,2024,August,18:56.8
17/08/2024,42:39.4,card,ANON-0000-0000-0519,32.82,Latte,22,Medium,17,8,2024,August,42:39.4
18/08/2024,09:42.6,card,ANON-0000-0000-0520,32.82,Cappuccino,8,Medium,18,8,2024,August,09:42.6
18/08/2024,32:05.6,card,ANON-0000-0000-0521,32.82,Cappuccino,8,Medium,18,8,2024,August,32:05.6
18/08/2024,41:06.2,card,ANON-0000-0000-0141,23.02,Cortado,8,Medium,18,8,2024,August,41:06.2
18/08/2024,56:01.3,card,ANON-0000-0000-0522,27.92,Americano with Milk,8,Medium,18,8,2024,August,56:01.3
18/08/2024,31:40.9,card,ANON-0000-0000-0463,32.82,Cappuccino,12,Medium,18,8,2024,August,31:40.9
18/08/2024,30:21.6,card,ANON-0000-0000-0040,27.92,Americano with Milk,14,Medium,18,8,2024,August,30:21.6
18/08/2024,24:10.8,card,ANON-0000-0000-0523,27.92,Americano with Milk,18,Medium,18,8,2024,August,24:10.8
18/08/2024,26:03.8,card,ANON-0000-0000-0523,27.92,Americano with Milk,18,Medium,18,8,2024,August,26:03.8
18/08/2024,27:17.6,card,ANON-0000-0000-0523,23.02,Americano,18,Medium,18,8,2024,August,27:17.6
18/08/2024,28:13.1,card,ANON-0000-0000-0523,23.02,Americano,18,Medium,18,8,2024,August,28:13.1
19/08/2024,09:49.0,card,ANON-0000-0000-0524,27.92,Americano with Milk,15,Medium,19,8,2024,August,09:49.0
19/08/2024,10:51.2,card,ANON-0000-0000-0524,27.92,Americano with Milk,15,Medium,19,8,2024,August,10:51.2
19/08/2024,21:12.1,card,ANON-0000-0000-0507,32.82,Latte,21,Medium,19,8,2024,August,21:12.1
19/08/2024,31:57.0,card,ANON-0000-0000-0491,32.82,Cocoa,21,Medium,19,8,2024,August,31:57.0
20/08/2024,27:16.4,card,ANON-0000-0000-0141,23.02,Cortado,8,Medium,20,8,2024,August,27:16.4
20/08/2024,29:14.9,card,ANON-0000-0000-0525,32.82,Latte,8,Medium,20,8,2024,August,29:14.9
20/08/2024,49:47.5,card,ANON-0000-0000-0526,18.12,Espresso,8,Low,20,8,2024,August,49:47.5
20/08/2024,50:36.3,card,ANON-0000-0000-0526,23.02,Cortado,8,Medium,20,8,2024,August,50:36.3
20/08/2024,14:54.9,card,ANON-0000-0000-0097,27.92,Americano with Milk,9,Medium,20,8,2024,August,14:54.9
20/08/2024,09:55.6,card,ANON-0000-0000-0527,23.02,Americano,11,Medium,20,8,2024,August,09:55.6
20/08/2024,11:39.1,card,ANON-0000-0000-0528,23.02,Americano,11,Medium,20,8,2024,August,11:39.1
20/08/2024,12:31.2,card,ANON-0000-0000-0529,23.02,Americano,11,Medium,20,8,2024,August,12:31.2
20/08/2024,42:20.0,card,ANON-0000-0000-0141,32.82,Latte,11,Medium,20,8,2024,August,11:42:20
20/08/2024,42:40.9,card,ANON-0000-0000-0530,32.82,Latte,20,Medium,20,8,2024,August,42:40.9
20/08/2024,44:14.9,card,ANON-0000-0000-0531,32.82,Latte,20,Medium,20,8,2024,August,44:14.9
20/08/2024,45:12.3,card,ANON-0000-0000-0531,32.82,Latte,20,Medium,20,8,2024,August,45:12.3
20/08/2024,46:04.0,card,ANON-0000-0000-0532,32.82,Latte,20,Medium,20,8,2024,August,46:04.0
21/08/2024,59:13.1,card,ANON-0000-0000-0533,27.92,Americano with Milk,7,Medium,21,8,2024,August,59:13.1
21/08/2024,40:27.4,card,ANON-0000-0000-0141,23.02,Cortado,8,Medium,21,8,2024,August,40:27.4
21/08/2024,13:32.4,card,ANON-0000-0000-0375,23.02,Americano,10,Medium,21,8,2024,August,13:32.4
21/08/2024,38:44.5,card,ANON-0000-0000-0276,27.92,Americano with Milk,10,Medium,21,8,2024,August,38:44.5
21/08/2024,51:41.4,card,ANON-0000-0000-0141,23.02,Cortado,11,Medium,21,8,2024,August,51:41.4
21/08/2024,17:10.7,card,ANON-0000-0000-0534,32.82,Latte,13,Medium,21,8,2024,August,17:10.8
21/08/2024,42:03.5,card,ANON-0000-0000-0507,32.82,Latte,19,Medium,21,8,2024,August,42:03.5
22/08/2024,22:26.3,card,ANON-0000-0000-0141,23.02,Cortado,9,Medium,22,8,2024,August,22:26.3
22/08/2024,09:23.5,card,ANON-0000-0000-0419,27.92,Americano with Milk,10,Medium,22,8,2024,August,09:23.5
22/08/2024,47:59.4,card,ANON-0000-0000-0535,27.92,Americano with Milk,10,Medium,22,8,2024,August,47:59.4
22/08/2024,16:12.1,card,ANON-0000-0000-0510,32.82,Latte,14,Medium,22,8,2024,August,16:12.1
22/08/2024,26:58.3,card,ANON-0000-0000-0536,32.82,Latte,14,Medium,22,8,2024,August,26:58.3
22/08/2024,07:07.4,card,ANON-0000-0000-0537,32.82,Cappuccino,15,Medium,22,8,2024,August,07:07.4
22/08/2024,27:27.3,card,ANON-0000-0000-0538,23.02,Americano,15,Medium,22,8,2024,August,27:27.3
23/08/2024,43:16.1,card,ANON-0000-0000-0475,32.82,Latte,7,Medium,23,8,2024,August,43:16.1
23/08/2024,21:48.1,card,ANON-0000-0000-0141,23.02,Cortado,8,Medium,23,8,2024,August,21:48.1
23/08/2024,22:56.6,card,ANON-0000-0000-0425,32.82,Latte,8,Medium,23,8,2024,August,22:56.6
23/08/2024,33:38.7,card,ANON-0000-0000-0225,23.02,Americano,8,Medium,23,8,2024,August,33:38.7
23/08/2024,34:35.0,card,ANON-0000-0000-0225,23.02,Americano,8,Medium,23,8,2024,August,34:35.0
23/08/2024,14:52.0,card,ANON-0000-0000-0419,27.92,Americano with Milk,9,Medium,23,8,2024,August,14:52.0
23/08/2024,10:58.7,card,ANON-0000-0000-0539,32.82,Cocoa,10,Medium,23,8,2024,August,10:58.7
23/08/2024,11:55.5,card,ANON-0000-0000-0539,23.02,Americano,10,Medium,23,8,2024,August,11:55.5
23/08/2024,39:12.3,card,ANON-0000-0000-0141,23.02,Cortado,10,Medium,23,8,2024,August,39:12.3
23/08/2024,12:59.4,card,ANON-0000-0000-0540,32.82,Hot Chocolate,11,Medium,23,8,2024,August,12:59.4
23/08/2024,24:54.7,card,ANON-0000-0000-0541,23.02,Americano,13,Medium,23,8,2024,August,24:54.7
23/08/2024,28:52.8,card,ANON-0000-0000-0542,23.02,Americano,15,Medium,23,8,2024,August,28:52.8
23/08/2024,48:02.8,card,ANON-0000-0000-0507,32.82,Latte,19,Medium,23,8,2024,August,48:02.8
24/08/2024,13:42.3,card,ANON-0000-0000-0141,23.02,Cortado,8,Medium,24,8,2024,August,13:42.3
24/08/2024,14:47.6,card,ANON-0000-0000-0141,23.02,Cortado,8,Medium,24,8,2024,August,14:47.6
24/08/2024,44:11.6,card,ANON-0000-0000-0543,23.02,Cortado,8,Medium,24,8,2024,August,44:11.6
24/08/2024,18:09.5,card,ANON-0000-0000-0544,18.12,Espresso,10,Low,24,8,2024,August,18:09.5
24/08/2024,18:52.3,card,ANON-0000-0000-0544,18.12,Espresso,10,Low,24,8,2024,August,18:52.3
24/08/2024,19:49.2,card,ANON-0000-0000-0544,23.02,Americano,10,Medium,24,8,2024,August,19:49.2
25/08/2024,14:37.4,card,ANON-0000-0000-0141,23.02,Cortado,8,Medium,25,8,2024,August,14:37.4
25/08/2024,26:27.7,card,ANON-0000-0000-0408,23.02,Americano,8,Medium,25,8,2024,August,26:27.7
25/08/2024,27:36.4,card,ANON-0000-0000-0408,23.02,Americano,8,Medium,25,8,2024,August,27:36.4
25/08/2024,24:22.3,card,ANON-0000-0000-0545,32.82,Cappuccino,9,Medium,25,8,2024,August,24:22.3
25/08/2024,41:42.7,card,ANON-0000-0000-0546,32.82,Cappuccino,12,Medium,25,8,2024,August,41:42.7
25/08/2024,53:02.7,card,ANON-0000-0000-0077,32.82,Latte,14,Medium,25,8,2024,August,53:02.7
26/08/2024,11:47.3,card,ANON-0000-0000-0141,23.02,Cortado,8,Medium,26,8,2024,August,11:47.3
26/08/2024,16:09.6,card,ANON-0000-0000-0408,23.02,Americano,8,Medium,26,8,2024,August,16:09.6
26/08/2024,17:23.2,card,ANON-0000-0000-0408,23.02,Americano,8,Medium,26,8,2024,August,17:23.2
26/08/2024,21:36.7,card,ANON-0000-0000-0097,27.92,Americano with Milk,9,Medium,26,8,2024,August,21:36.7
26/08/2024,37:44.5,card,ANON-0000-0000-0547,32.82,Latte,10,Medium,26,8,2024,August,37:44.5
26/08/2024,38:49.0,card,ANON-0000-0000-0548,32.82,Cappuccino,10,Medium,26,8,2024,August,38:49.0
26/08/2024,45:13.2,card,ANON-0000-0000-0003,23.02,Americano,12,Medium,26,8,2024,August,45:13.2
26/08/2024,46:23.6,card,ANON-0000-0000-0003,23.02,Americano,12,Medium,26,8,2024,August,46:23.6
26/08/2024,53:27.8,card,ANON-0000-0000-0549,27.92,Americano with Milk,18,Medium,26,8,2024,August,53:27.8
26/08/2024,54:31.3,card,ANON-0000-0000-0549,32.82,Latte,18,Medium,26,8,2024,August,54:31.3
26/08/2024,55:39.9,card,ANON-0000-0000-0550,27.92,Americano with Milk,22,Medium,26,8,2024,August,55:39.9
27/08/2024,04:04.6,card,ANON-0000-0000-0375,32.82,Latte,10,Medium,27,8,2024,August,04:04.6
28/08/2024,08:18.8,card,ANON-0000-0000-0551,27.92,Americano with Milk,12,Medium,28,8,2024,August,08:18.8
28/08/2024,10:04.1,card,ANON-0000-0000-0551,32.82,Cappuccino,12,Medium,28,8,2024,August,10:04.1
28/08/2024,35:06.9,card,ANON-0000-0000-0375,23.02,Americano,12,Medium,28,8,2024,August,35:06.9
28/08/2024,48:35.2,card,ANON-0000-0000-0552,27.92,Americano with Milk,13,Medium,28,8,2024,August,48:35.2
29/08/2024,29:30.3,card,ANON-0000-0000-0553,23.02,Americano,7,Medium,29,8,2024,August,29:30.3
30/08/2024,13:30.5,card,ANON-0000-0000-0554,32.82,Latte,17,Medium,30,8,2024,August,13:30.5
30/08/2024,14:32.8,card,ANON-0000-0000-0554,27.92,Americano with Milk,17,Medium,30,8,2024,August,14:32.8
30/08/2024,15:35.4,card,ANON-0000-0000-0554,27.92,Americano with Milk,17,Medium,30,8,2024,August,15:35.4
31/08/2024,08:32.5,card,ANON-0000-0000-0371,23.02,Cortado,9,Medium,31,8,2024,August,08:32.5
31/08/2024,02:08.2,card,ANON-0000-0000-0555,27.92,Americano with Milk,10,Medium,31,8,2024,August,02:08.2
31/08/2024,22:26.9,card,ANON-0000-0000-0556,18.12,Espresso,10,Low,31,8,2024,August,22:26.9
31/08/2024,29:54.6,card,ANON-0000-0000-0557,27.92,Americano with Milk,11,Medium,31,8,2024,August,29:54.6
31/08/2024,33:39.9,card,ANON-0000-0000-0141,23.02,Cortado,11,Medium,31,8,2024,August,33:39.9
31/08/2024,34:32.9,card,ANON-0000-0000-0141,23.02,Cortado,11,Medium,31,8,2024,August,34:32.9
01/09/2024,34:15.2,card,ANON-0000-0000-0141,23.02,Cortado,9,Medium,1,9,2024,September,34:15.2
01/09/2024,11:24.7,card,ANON-0000-0000-0558,32.82,Cappuccino,12,Medium,1,9,2024,September,11:24.7
01/09/2024,30:08.6,card,ANON-0000-0000-0181,27.92,Americano with Milk,12,Medium,1,9,2024,September,30:08.6
01/09/2024,32:22.0,card,ANON-0000-0000-0181,23.02,Americano,12,Medium,1,9,2024,September,32:22.0
01/09/2024,50:17.4,card,ANON-0000-0000-0559,27.92,Americano with Milk,12,Medium,1,9,2024,September,50:17.4
01/09/2024,57:33.9,card,ANON-0000-0000-0560,32.82,Latte,13,Medium,1,9,2024,September,57:33.9
01/09/2024,44:04.0,card,ANON-0000-0000-0385,27.92,Americano with Milk,14,Medium,1,9,2024,September,44:04.0
01/09/2024,20:46.3,card,ANON-0000-0000-0561,32.82,Latte,17,Medium,1,9,2024,September,20:46.3
01/09/2024,23:13.9,card,ANON-0000-0000-0562,32.82,Latte,17,Medium,1,9,2024,September,23:13.9
01/09/2024,24:49.7,card,ANON-0000-0000-0563,32.82,Latte,17,Medium,1,9,2024,September,24:49.7
02/09/2024,24:39.8,card,ANON-0000-0000-0425,32.82,Latte,8,Medium,2,9,2024,September,24:39.8
02/09/2024,50:17.6,card,ANON-0000-0000-0564,27.92,Americano with Milk,8,Medium,2,9,2024,September,50:17.6
02/09/2024,51:33.1,card,ANON-0000-0000-0565,32.82,Latte,8,Medium,2,9,2024,September,51:33.1
02/09/2024,58:47.1,card,ANON-0000-0000-0566,27.92,Americano with Milk,14,Medium,2,9,2024,September,58:47.1
02/09/2024,09:43.9,card,ANON-0000-0000-0567,32.82,Cappuccino,20,Medium,2,9,2024,September,09:43.9
02/09/2024,11:17.9,card,ANON-0000-0000-0179,32.82,Cocoa,20,Medium,2,9,2024,September,11:17.9
02/09/2024,52:32.0,card,ANON-0000-0000-0568,23.02,Americano,20,Medium,2,9,2024,September,52:32.0
02/09/2024,53:29.1,card,ANON-0000-0000-0568,23.02,Americano,20,Medium,2,9,2024,September,53:29.1
03/09/2024,22:15.4,card,ANON-0000-0000-0569,32.82,Cocoa,8,Medium,3,9,2024,September,22:15.4
03/09/2024,28:12.4,card,ANON-0000-0000-0168,32.82,Cappuccino,8,Medium,3,9,2024,September,28:12.4
03/09/2024,41:11.7,card,ANON-0000-0000-0570,32.82,Latte,8,Medium,3,9,2024,September,41:11.7
03/09/2024,03:12.5,card,ANON-0000-0000-0571,27.92,Americano with Milk,9,Medium,3,9,2024,September,03:12.5
03/09/2024,04:11.7,card,ANON-0000-0000-0571,32.82,Cappuccino,9,Medium,3,9,2024,September,04:11.8
03/09/2024,12:48.2,card,ANON-0000-0000-0572,32.82,Cocoa,9,Medium,3,9,2024,September,12:48.2
03/09/2024,13:33.7,card,ANON-0000-0000-0572,32.82,Cocoa,9,Medium,3,9,2024,September,13:33.7
03/09/2024,17:02.2,card,ANON-0000-0000-0385,27.92,Americano with Milk,9,Medium,3,9,2024,September,17:02.2
03/09/2024,20:17.2,card,ANON-0000-0000-0573,27.92,Americano with Milk,9,Medium,3,9,2024,September,20:17.2
03/09/2024,37:52.3,card,ANON-0000-0000-0574,32.82,Latte,9,Medium,3,9,2024,September,37:52.3
03/09/2024,38:56.4,card,ANON-0000-0000-0575,32.82,Cocoa,9,Medium,3,9,2024,September,38:56.4
03/09/2024,56:53.4,card,ANON-0000-0000-0576,23.02,Cortado,12,Medium,3,9,2024,September,56:53.4
03/09/2024,14:51.7,card,ANON-0000-0000-0333,27.92,Americano with Milk,14,Medium,3,9,2024,September,14:51.7
03/09/2024,16:17.3,card,ANON-0000-0000-0333,27.92,Americano with Milk,14,Medium,3,9,2024,September,16:17.3
03/09/2024,48:34.7,card,ANON-0000-0000-0333,27.92,Americano with Milk,18,Medium,3,9,2024,September,48:34.7
03/09/2024,11:12.3,card,ANON-0000-0000-0467,32.82,Latte,19,Medium,3,9,2024,September,11:12.3
03/09/2024,17:13.8,card,ANON-0000-0000-0467,27.92,Americano with Milk,19,Medium,3,9,2024,September,17:13.8
04/09/2024,11:21.6,card,ANON-0000-0000-0577,27.92,Americano with Milk,11,Medium,4,9,2024,September,11:21.6
04/09/2024,33:36.6,card,ANON-0000-0000-0510,32.82,Latte,11,Medium,4,9,2024,September,33:36.6
04/09/2024,48:03.5,card,ANON-0000-0000-0019,23.02,Americano,11,Medium,4,9,2024,September,48:03.5
04/09/2024,55:34.5,card,ANON-0000-0000-0578,27.92,Americano with Milk,11,Medium,4,9,2024,September,55:34.5
04/09/2024,53:31.3,card,ANON-0000-0000-0565,32.82,Latte,12,Medium,4,9,2024,September,53:31.3
04/09/2024,03:50.6,card,ANON-0000-0000-0579,32.82,Latte,13,Medium,4,9,2024,September,03:50.6
04/09/2024,05:16.1,card,ANON-0000-0000-0579,27.92,Americano with Milk,13,Medium,4,9,2024,September,05:16.1
04/09/2024,03:46.9,card,ANON-0000-0000-0580,32.82,Cappuccino,18,Medium,4,9,2024,September,03:46.9
04/09/2024,41:42.0,card,ANON-0000-0000-0097,27.92,Americano with Milk,19,Medium,4,9,2024,September,41:42.0
04/09/2024,19:35.6,card,ANON-0000-0000-0494,32.82,Latte,21,Medium,4,9,2024,September,19:35.6
05/09/2024,31:17.0,card,ANON-0000-0000-0385,27.92,Americano with Milk,9,Medium,5,9,2024,September,31:17.0
05/09/2024,28:56.2,card,ANON-0000-0000-0581,27.92,Americano with Milk,10,Medium,5,9,2024,September,28:56.2
05/09/2024,06:30.6,card,ANON-0000-0000-0019,23.02,Americano,11,Medium,5,9,2024,September,06:30.6
05/09/2024,00:27.7,card,ANON-0000-0000-0582,32.82,Latte,14,Medium,5,9,2024,September,00:27.7
05/09/2024,25:12.3,card,ANON-0000-0000-0583,32.82,Latte,15,Medium,5,9,2024,September,25:12.3
05/09/2024,38:50.4,card,ANON-0000-0000-0584,23.02,Americano,16,Medium,5,9,2024,September,38:50.4
05/09/2024,39:59.6,card,ANON-0000-0000-0585,27.92,Americano with Milk,16,Medium,5,9,2024,September,39:59.6
05/09/2024,04:28.9,card,ANON-0000-0000-0586,32.82,Cappuccino,17,Medium,5,9,2024,September,04:28.9
05/09/2024,05:31.7,card,ANON-0000-0000-0586,32.82,Cappuccino,17,Medium,5,9,2024,September,05:31.7
05/09/2024,30:15.0,card,ANON-0000-0000-0587,32.82,Cappuccino,20,Medium,5,9,2024,September,30:15.0
05/09/2024,54:24.4,card,ANON-0000-0000-0588,23.02,Americano,20,Medium,5,9,2024,September,54:24.4
05/09/2024,55:31.4,card,ANON-0000-0000-0588,32.82,Cappuccino,20,Medium,5,9,2024,September,55:31.4
05/09/2024,26:28.8,card,ANON-0000-0000-0040,27.92,Americano with Milk,21,Medium,5,9,2024,September,26:28.8
05/09/2024,27:30.0,card,ANON-0000-0000-0040,27.92,Americano with Milk,21,Medium,5,9,2024,September,27:30.0
06/09/2024,25:33.9,card,ANON-0000-0000-0582,32.82,Cappuccino,8,Medium,6,9,2024,September,25:33.9
06/09/2024,34:46.8,card,ANON-0000-0000-0425,32.82,Latte,8,Medium,6,9,2024,September,34:46.8
06/09/2024,54:41.9,card,ANON-0000-0000-0589,23.02,Americano,8,Medium,6,9,2024,September,54:41.9
06/09/2024,50:39.9,card,ANON-0000-0000-0590,18.12,Espresso,9,Low,6,9,2024,September,50:39.9
06/09/2024,51:52.2,card,ANON-0000-0000-0590,32.82,Latte,9,Medium,6,9,2024,September,51:52.2
06/09/2024,30:06.0,card,ANON-0000-0000-0591,32.82,Hot Chocolate,10,Medium,6,9,2024,September,30:06.0
06/09/2024,23:25.4,card,ANON-0000-0000-0095,18.12,Espresso,11,Low,6,9,2024,September,23:25.4
06/09/2024,24:29.3,card,ANON-0000-0000-0467,18.12,Espresso,11,Low,6,9,2024,September,24:29.3
06/09/2024,00:12.0,card,ANON-0000-0000-0283,32.82,Latte,20,Medium,6,9,2024,September,00:12.0
06/09/2024,09:31.2,card,ANON-0000-0000-0507,32.82,Latte,21,Medium,6,9,2024,September,09:31.2
07/09/2024,48:57.0,card,ANON-0000-0000-0592,32.82,Latte,8,Medium,7,9,2024,September,48:57.0
07/09/2024,52:03.0,card,ANON-0000-0000-0543,23.02,Cortado,9,Medium,7,9,2024,September,52:03.0
07/09/2024,53:03.6,card,ANON-0000-0000-0543,23.02,Cortado,9,Medium,7,9,2024,September,53:03.6
07/09/2024,54:41.6,card,ANON-0000-0000-0593,23.02,Cortado,9,Medium,7,9,2024,September,54:41.6
07/09/2024,57:47.7,card,ANON-0000-0000-0276,27.92,Americano with Milk,9,Medium,7,9,2024,September,57:47.7
07/09/2024,59:02.3,card,ANON-0000-0000-0276,27.92,Americano with Milk,9,Medium,7,9,2024,September,59:02.3
07/09/2024,00:19.7,card,ANON-0000-0000-0141,23.02,Cortado,10,Medium,7,9,2024,September,00:19.7
07/09/2024,22:44.5,card,ANON-0000-0000-0594,23.02,Americano,10,Medium,7,9,2024,September,22:44.5
07/09/2024,37:52.3,card,ANON-0000-0000-0595,18.12,Espresso,10,Low,7,9,2024,September,37:52.3
07/09/2024,40:12.6,card,ANON-0000-0000-0595,18.12,Espresso,10,Low,7,9,2024,September,40:12.6
07/09/2024,53:32.2,card,ANON-0000-0000-0596,32.82,Latte,10,Medium,7,9,2024,September,53:32.2
07/09/2024,18:56.8,card,ANON-0000-0000-0012,27.92,Americano with Milk,11,Medium,7,9,2024,September,18:56.8
07/09/2024,20:00.0,card,ANON-0000-0000-0019,23.02,Americano,11,Medium,7,9,2024,September,20:00.0
07/09/2024,20:57.1,card,ANON-0000-0000-0012,18.12,Espresso,11,Low,7,9,2024,September,20:57.1
07/09/2024,55:08.5,card,ANON-0000-0000-0597,32.82,Latte,15,Medium,7,9,2024,September,55:08.5
07/09/2024,20:01.0,card,ANON-0000-0000-0019,23.02,Americano,16,Medium,7,9,2024,September,20:01.0
07/09/2024,20:59.3,card,ANON-0000-0000-0012,18.12,Espresso,16,Low,7,9,2024,September,20:59.3
07/09/2024,35:04.9,card,ANON-0000-0000-0283,32.82,Cocoa,19,Medium,7,9,2024,September,35:04.9
07/09/2024,36:05.1,card,ANON-0000-0000-0283,32.82,Latte,19,Medium,7,9,2024,September,36:05.1
07/09/2024,37:15.5,card,ANON-0000-0000-0283,32.82,Latte,19,Medium,7,9,2024,September,37:15.5
07/09/2024,13:51.7,card,ANON-0000-0000-0598,32.82,Latte,20,Medium,7,9,2024,September,13:51.7
07/09/2024,14:59.2,card,ANON-0000-0000-0598,32.82,Latte,20,Medium,7,9,2024,September,14:59.2
08/09/2024,15:40.8,card,ANON-0000-0000-0141,23.02,Cortado,8,Medium,8,9,2024,September,15:40.8
08/09/2024,18:17.0,card,ANON-0000-0000-0543,23.02,Cortado,9,Medium,8,9,2024,September,18:17.0
08/09/2024,19:12.4,card,ANON-0000-0000-0543,23.02,Cortado,9,Medium,8,9,2024,September,19:12.4
08/09/2024,05:56.1,card,ANON-0000-0000-0543,23.02,Cortado,10,Medium,8,9,2024,September,05:56.1
08/09/2024,43:28.0,card,ANON-0000-0000-0486,23.02,Cortado,12,Medium,8,9,2024,September,43:28.0
08/09/2024,13:32.9,card,ANON-0000-0000-0347,23.02,Americano,20,Medium,8,9,2024,September,13:32.9
09/09/2024,51:13.6,card,ANON-0000-0000-0599,32.82,Latte,7,Medium,9,9,2024,September,51:13.6
09/09/2024,53:51.6,card,ANON-0000-0000-0582,32.82,Cappuccino,7,Medium,9,9,2024,September,53:51.6
09/09/2024,55:21.6,card,ANON-0000-0000-0599,27.92,Americano with Milk,7,Medium,9,9,2024,September,55:21.6
09/09/2024,56:37.7,card,ANON-0000-0000-0570,32.82,Latte,7,Medium,9,9,2024,September,56:37.7
09/09/2024,49:50.7,card,ANON-0000-0000-0583,32.82,Latte,9,Medium,9,9,2024,September,49:50.7
09/09/2024,50:51.7,card,ANON-0000-0000-0583,32.82,Hot Chocolate,9,Medium,9,9,2024,September,50:51.7
09/09/2024,59:10.7,card,ANON-0000-0000-0494,32.82,Latte,9,Medium,9,9,2024,September,59:10.7
09/09/2024,11:36.1,card,ANON-0000-0000-0600,27.92,Americano with Milk,11,Medium,9,9,2024,September,11:36.1
09/09/2024,12:50.6,card,ANON-0000-0000-0601,27.92,Americano with Milk,11,Medium,9,9,2024,September,12:50.6
09/09/2024,29:49.2,card,ANON-0000-0000-0602,32.82,Latte,11,Medium,9,9,2024,September,29:49.2
09/09/2024,06:59.7,card,ANON-0000-0000-0603,18.12,Espresso,12,Low,9,9,2024,September,06:59.7
09/09/2024,12:13.8,card,ANON-0000-0000-0604,32.82,Latte,15,Medium,9,9,2024,September,12:13.8
09/09/2024,13:24.5,card,ANON-0000-0000-0604,23.02,Americano,15,Medium,9,9,2024,September,13:24.5
09/09/2024,24:10.4,card,ANON-0000-0000-0605,32.82,Latte,17,Medium,9,9,2024,September,24:10.4
09/09/2024,13:46.3,card,ANON-0000-0000-0507,32.82,Latte,18,Medium,9,9,2024,September,13:46.3
09/09/2024,07:36.2,card,ANON-0000-0000-0268,32.82,Cappuccino,20,Medium,9,9,2024,September,07:36.2
09/09/2024,13:43.5,card,ANON-0000-0000-0606,32.82,Latte,20,Medium,9,9,2024,September,13:43.5
10/09/2024,12:02.4,card,ANON-0000-0000-0607,32.82,Hot Chocolate,8,Medium,10,9,2024,September,12:02.4
10/09/2024,32:46.8,card,ANON-0000-0000-0608,32.82,Cappuccino,9,Medium,10,9,2024,September,32:46.8
10/09/2024,21:54.4,card,ANON-0000-0000-0543,23.02,Cortado,15,Medium,10,9,2024,September,21:54.4
10/09/2024,23:05.9,card,ANON-0000-0000-0543,23.02,Cortado,15,Medium,10,9,2024,September,23:05.9
10/09/2024,43:41.8,card,ANON-0000-0000-0609,32.82,Cappuccino,18,Medium,10,9,2024,September,43:41.8
10/09/2024,45:22.6,card,ANON-0000-0000-0610,27.92,Americano with Milk,18,Medium,10,9,2024,September,45:22.6
10/09/2024,02:43.0,card,ANON-0000-0000-0611,32.82,Latte,19,Medium,10,9,2024,September,02:43.0
10/09/2024,03:53.3,card,ANON-0000-0000-0611,32.82,Latte,19,Medium,10,9,2024,September,03:53.3
10/09/2024,29:34.6,card,ANON-0000-0000-0012,27.92,Americano with Milk,21,Medium,10,9,2024,September,29:34.6
10/09/2024,30:27.0,card,ANON-0000-0000-0012,23.02,Americano,21,Medium,10,9,2024,September,30:27.0
11/09/2024,47:22.3,card,ANON-0000-0000-0612,32.82,Latte,8,Medium,11,9,2024,September,47:22.3
11/09/2024,28:46.8,card,ANON-0000-0000-0097,27.92,Americano with Milk,9,Medium,11,9,2024,September,28:46.8
11/09/2024,52:09.2,card,ANON-0000-0000-0613,32.82,Latte,10,Medium,11,9,2024,September,52:09.2
11/09/2024,53:12.5,card,ANON-0000-0000-0614,32.82,Cappuccino,19,Medium,11,9,2024,September,53:12.5
11/09/2024,13:14.9,card,ANON-0000-0000-0531,27.92,Americano with Milk,20,Medium,11,9,2024,September,13:14.9
11/09/2024,14:18.9,card,ANON-0000-0000-0531,32.82,Latte,20,Medium,11,9,2024,September,14:18.9
11/09/2024,15:19.3,card,ANON-0000-0000-0531,32.82,Latte,20,Medium,11,9,2024,September,15:19.4
11/09/2024,01:34.2,card,ANON-0000-0000-0584,23.02,Cortado,21,Medium,11,9,2024,September,01:34.2
12/09/2024,57:25.6,card,ANON-0000-0000-0347,18.12,Espresso,10,Low,12,9,2024,September,57:25.6
12/09/2024,58:19.8,card,ANON-0000-0000-0347,27.92,Americano with Milk,10,Medium,12,9,2024,September,58:19.8
12/09/2024,27:36.1,card,ANON-0000-0000-0615,27.92,Americano with Milk,11,Medium,12,9,2024,September,27:36.1
12/09/2024,08:22.2,card,ANON-0000-0000-0565,32.82,Cappuccino,12,Medium,12,9,2024,September,08:22.2
12/09/2024,31:07.0,card,ANON-0000-0000-0616,23.02,Cortado,12,Medium,12,9,2024,September,31:07.0
12/09/2024,32:23.0,card,ANON-0000-0000-0616,23.02,Cortado,12,Medium,12,9,2024,September,32:23.0
12/09/2024,37:20.4,card,ANON-0000-0000-0141,23.02,Cortado,12,Medium,12,9,2024,September,37:20.4
12/09/2024,38:09.7,card,ANON-0000-0000-0141,23.02,Cortado,12,Medium,12,9,2024,September,38:09.7
12/09/2024,01:25.2,card,ANON-0000-0000-0617,32.82,Latte,17,Medium,12,9,2024,September,01:25.2
12/09/2024,09:10.4,card,ANON-0000-0000-0618,23.02,Americano,21,Medium,12,9,2024,September,09:10.4
12/09/2024,10:21.2,card,ANON-0000-0000-0618,32.82,Cappuccino,21,Medium,12,9,2024,September,10:21.2
12/09/2024,13:16.8,card,ANON-0000-0000-0319,23.02,Cortado,21,Medium,12,9,2024,September,13:16.8
13/09/2024,56:53.8,card,ANON-0000-0000-0570,32.82,Latte,7,Medium,13,9,2024,September,56:53.8
13/09/2024,41:03.0,card,ANON-0000-0000-0425,32.82,Latte,8,Medium,13,9,2024,September,41:03.0
13/09/2024,54:15.8,card,ANON-0000-0000-0375,32.82,Latte,8,Medium,13,9,2024,September,54:15.8
13/09/2024,51:19.4,card,ANON-0000-0000-0619,32.82,Latte,9,Medium,13,9,2024,September,51:19.4
13/09/2024,38:18.9,card,ANON-0000-0000-0242,27.92,Americano with Milk,15,Medium,13,9,2024,September,38:18.9
13/09/2024,50:53.9,card,ANON-0000-0000-0552,27.92,Americano with Milk,15,Medium,13,9,2024,September,50:53.9
14/09/2024,29:19.4,card,ANON-0000-0000-0543,32.82,Cappuccino,16,Medium,14,9,2024,September,29:19.4
14/09/2024,30:16.9,card,ANON-0000-0000-0543,32.82,Cappuccino,16,Medium,14,9,2024,September,30:16.9
15/09/2024,42:40.9,card,ANON-0000-0000-0347,18.12,Espresso,8,Low,15,9,2024,September,42:40.9
15/09/2024,49:38.7,card,ANON-0000-0000-0620,27.92,Americano with Milk,9,Medium,15,9,2024,September,49:38.7
15/09/2024,49:37.4,card,ANON-0000-0000-0304,23.02,Americano,13,Medium,15,9,2024,September,49:37.4
15/09/2024,36:19.3,card,ANON-0000-0000-0141,23.02,Cortado,14,Medium,15,9,2024,September,36:19.3
15/09/2024,37:20.6,card,ANON-0000-0000-0141,23.02,Cortado,14,Medium,15,9,2024,September,37:20.6
15/09/2024,53:18.7,card,ANON-0000-0000-0543,32.82,Cappuccino,14,Medium,15,9,2024,September,53:18.7
16/09/2024,32:22.9,card,ANON-0000-0000-0621,32.82,Latte,13,Medium,16,9,2024,September,32:22.9
16/09/2024,33:36.8,card,ANON-0000-0000-0584,27.92,Americano with Milk,13,Medium,16,9,2024,September,33:36.8
16/09/2024,23:19.3,card,ANON-0000-0000-0621,32.82,Latte,15,Medium,16,9,2024,September,23:19.3
16/09/2024,16:05.7,card,ANON-0000-0000-0622,27.92,Americano with Milk,17,Medium,16,9,2024,September,16:05.7
16/09/2024,18:03.3,card,ANON-0000-0000-0623,32.82,Latte,17,Medium,16,9,2024,September,18:03.3
16/09/2024,54:45.4,card,ANON-0000-0000-0624,32.82,Latte,18,Medium,16,9,2024,September,54:45.4
16/09/2024,56:05.3,card,ANON-0000-0000-0625,32.82,Latte,18,Medium,16,9,2024,September,56:05.3
16/09/2024,10:18.7,card,ANON-0000-0000-0626,27.92,Americano with Milk,21,Medium,16,9,2024,September,10:18.7
16/09/2024,11:32.5,card,ANON-0000-0000-0626,32.82,Latte,21,Medium,16,9,2024,September,11:32.5
16/09/2024,37:47.3,card,ANON-0000-0000-0287,27.92,Americano with Milk,21,Medium,16,9,2024,September,37:47.3
16/09/2024,38:48.7,card,ANON-0000-0000-0097,27.92,Americano with Milk,21,Medium,16,9,2024,September,38:48.7
17/09/2024,54:57.9,card,ANON-0000-0000-0627,23.02,Cortado,7,Medium,17,9,2024,September,54:57.9
17/09/2024,09:00.9,card,ANON-0000-0000-0621,32.82,Latte,8,Medium,17,9,2024,September,09:00.9
17/09/2024,37:37.6,card,ANON-0000-0000-0276,27.92,Americano with Milk,8,Medium,17,9,2024,September,37:37.6
17/09/2024,42:31.5,card,ANON-0000-0000-0141,23.02,Cortado,8,Medium,17,9,2024,September,42:31.5
17/09/2024,10:03.8,card,ANON-0000-0000-0554,32.82,Cappuccino,9,Medium,17,9,2024,September,10:03.8
17/09/2024,11:08.2,card,ANON-0000-0000-0554,27.92,Americano with Milk,9,Medium,17,9,2024,September,11:08.2
17/09/2024,34:56.8,card,ANON-0000-0000-0620,27.92,Americano with Milk,9,Medium,17,9,2024,September,34:56.8
17/09/2024,38:33.8,card,ANON-0000-0000-0628,18.12,Espresso,12,Low,17,9,2024,September,38:33.8
17/09/2024,39:33.7,card,ANON-0000-0000-0628,27.92,Americano with Milk,12,Medium,17,9,2024,September,39:33.7
17/09/2024,44:15.2,card,ANON-0000-0000-0629,32.82,Latte,12,Medium,17,9,2024,September,44:15.2
17/09/2024,54:23.0,card,ANON-0000-0000-0554,27.92,Americano with Milk,13,Medium,17,9,2024,September,54:23.0
17/09/2024,55:31.2,card,ANON-0000-0000-0630,23.02,Cortado,13,Medium,17,9,2024,September,55:31.2
17/09/2024,29:37.2,card,ANON-0000-0000-0554,32.82,Cappuccino,16,Medium,17,9,2024,September,29:37.2
17/09/2024,31:00.7,card,ANON-0000-0000-0630,32.82,Latte,16,Medium,17,9,2024,September,31:00.7
17/09/2024,54:23.8,card,ANON-0000-0000-0631,32.82,Hot Chocolate,18,Medium,17,9,2024,September,54:23.8
17/09/2024,00:45.9,card,ANON-0000-0000-0632,27.92,Americano with Milk,19,Medium,17,9,2024,September,00:45.9
17/09/2024,03:53.3,card,ANON-0000-0000-0633,27.92,Americano with Milk,19,Medium,17,9,2024,September,03:53.3
17/09/2024,12:47.9,card,ANON-0000-0000-0634,32.82,Latte,19,Medium,17,9,2024,September,12:47.9
17/09/2024,13:59.7,card,ANON-0000-0000-0634,27.92,Americano with Milk,19,Medium,17,9,2024,September,13:59.7
17/09/2024,14:59.5,card,ANON-0000-0000-0634,27.92,Americano with Milk,19,Medium,17,9,2024,September,14:59.5
17/09/2024,31:57.4,card,ANON-0000-0000-0635,27.92,Americano with Milk,19,Medium,17,9,2024,September,31:57.4
17/09/2024,19:36.0,card,ANON-0000-0000-0636,32.82,Hot Chocolate,22,Medium,17,9,2024,September,19:36.0
17/09/2024,20:19.4,card,ANON-0000-0000-0637,32.82,Hot Chocolate,22,Medium,17,9,2024,September,20:19.5
18/09/2024,29:48.9,card,ANON-0000-0000-0638,32.82,Latte,14,Medium,18,9,2024,September,29:48.9
18/09/2024,34:19.7,card,ANON-0000-0000-0639,32.82,Latte,17,Medium,18,9,2024,September,34:19.7
18/09/2024,15:38.8,card,ANON-0000-0000-0040,27.92,Americano with Milk,21,Medium,18,9,2024,September,15:38.8
18/09/2024,18:21.6,card,ANON-0000-0000-0040,27.92,Americano with Milk,21,Medium,18,9,2024,September,18:21.6
19/09/2024,17:18.7,card,ANON-0000-0000-0276,27.92,Americano with Milk,8,Medium,19,9,2024,September,17:18.7
19/09/2024,30:29.0,card,ANON-0000-0000-0627,23.02,Cortado,8,Medium,19,9,2024,September,30:29.0
19/09/2024,01:30.6,card,ANON-0000-0000-0494,32.82,Latte,10,Medium,19,9,2024,September,01:30.6
19/09/2024,59:33.6,card,ANON-0000-0000-0004,23.02,Americano,12,Medium,19,9,2024,September,59:33.6
19/09/2024,00:33.6,card,ANON-0000-0000-0004,27.92,Americano with Milk,13,Medium,19,9,2024,September,00:33.6
19/09/2024,45:42.4,card,ANON-0000-0000-0640,23.02,Cortado,13,Medium,19,9,2024,September,45:42.4
20/09/2024,34:56.9,card,ANON-0000-0000-0276,27.92,Americano with Milk,8,Medium,20,9,2024,September,34:56.9
20/09/2024,46:15.4,card,ANON-0000-0000-0641,27.92,Americano with Milk,9,Medium,20,9,2024,September,46:15.4
20/09/2024,39:55.5,card,ANON-0000-0000-0333,27.92,Americano with Milk,13,Medium,20,9,2024,September,39:55.5
20/09/2024,03:29.6,card,ANON-0000-0000-0642,32.82,Latte,16,Medium,20,9,2024,September,03:29.6
20/09/2024,39:23.1,card,ANON-0000-0000-0643,23.02,Americano,20,Medium,20,9,2024,September,39:23.1
20/09/2024,31:36.6,card,ANON-0000-0000-0287,27.92,Americano with Milk,21,Medium,20,9,2024,September,31:36.6
20/09/2024,32:43.0,card,ANON-0000-0000-0287,27.92,Americano with Milk,21,Medium,20,9,2024,September,32:43.0
21/09/2024,01:14.9,card,ANON-0000-0000-0644,32.82,Latte,11,Medium,21,9,2024,September,01:14.9
21/09/2024,02:13.8,card,ANON-0000-0000-0644,32.82,Cocoa,11,Medium,21,9,2024,September,02:13.8
21/09/2024,37:47.2,card,ANON-0000-0000-0543,23.02,Cortado,11,Medium,21,9,2024,September,37:47.2
21/09/2024,38:45.0,card,ANON-0000-0000-0543,23.02,Cortado,11,Medium,21,9,2024,September,38:45.0
21/09/2024,10:09.4,card,ANON-0000-0000-0645,32.82,Cappuccino,15,Medium,21,9,2024,September,10:09.4
21/09/2024,36:13.6,card,ANON-0000-0000-0646,32.82,Latte,15,Medium,21,9,2024,September,36:13.6
21/09/2024,16:28.7,card,ANON-0000-0000-0507,32.82,Latte,18,Medium,21,9,2024,September,16:28.7
21/09/2024,17:30.7,card,ANON-0000-0000-0507,32.82,Latte,18,Medium,21,9,2024,September,17:30.7
21/09/2024,29:42.9,card,ANON-0000-0000-0040,23.02,Americano,20,Medium,21,9,2024,September,29:42.9
21/09/2024,30:38.9,card,ANON-0000-0000-0040,23.02,Americano,20,Medium,21,9,2024,September,30:38.9
21/09/2024,33:58.2,card,ANON-0000-0000-0602,32.82,Latte,20,Medium,21,9,2024,September,33:58.2
21/09/2024,35:30.2,card,ANON-0000-0000-0602,32.82,Latte,20,Medium,21,9,2024,September,35:30.2
21/09/2024,18:46.1,card,ANON-0000-0000-0647,27.92,Americano with Milk,22,Medium,21,9,2024,September,18:46.1
21/09/2024,19:50.1,card,ANON-0000-0000-0647,23.02,Americano,22,Medium,21,9,2024,September,19:50.1
21/09/2024,20:48.4,card,ANON-0000-0000-0647,23.02,Americano,22,Medium,21,9,2024,September,20:48.4
22/09/2024,32:54.2,card,ANON-0000-0000-0648,23.02,Americano,8,Medium,22,9,2024,September,32:54.2
22/09/2024,12:09.8,card,ANON-0000-0000-0649,27.92,Americano with Milk,10,Medium,22,9,2024,September,12:09.8
22/09/2024,13:08.6,card,ANON-0000-0000-0649,32.82,Latte,10,Medium,22,9,2024,September,13:08.6
22/09/2024,06:26.3,card,ANON-0000-0000-0650,23.02,Cortado,11,Medium,22,9,2024,September,06:26.3
22/09/2024,07:36.4,card,ANON-0000-0000-0650,23.02,Cortado,11,Medium,22,9,2024,September,07:36.4
22/09/2024,51:59.9,card,ANON-0000-0000-0651,27.92,Americano with Milk,11,Medium,22,9,2024,September,51:59.9
22/09/2024,55:12.9,card,ANON-0000-0000-0099,23.02,Americano,11,Medium,22,9,2024,September,55:12.9
22/09/2024,07:20.8,card,ANON-0000-0000-0276,27.92,Americano with Milk,12,Medium,22,9,2024,September,07:20.8
22/09/2024,28:14.7,card,ANON-0000-0000-0333,27.92,Americano with Milk,13,Medium,22,9,2024,September,28:14.7
22/09/2024,29:35.9,card,ANON-0000-0000-0333,27.92,Americano with Milk,13,Medium,22,9,2024,September,29:35.9
22/09/2024,33:34.6,card,ANON-0000-0000-0510,27.92,Americano with Milk,13,Medium,22,9,2024,September,33:34.6
22/09/2024,34:10.1,card,ANON-0000-0000-0652,32.82,Latte,15,Medium,22,9,2024,September,34:10.1
22/09/2024,35:24.2,card,ANON-0000-0000-0652,27.92,Americano with Milk,15,Medium,22,9,2024,September,35:24.2
22/09/2024,25:03.5,card,ANON-0000-0000-0653,32.82,Cocoa,16,Medium,22,9,2024,September,25:03.5
22/09/2024,19:10.1,card,ANON-0000-0000-0654,32.82,Latte,20,Medium,22,9,2024,September,19:10.1
22/09/2024,20:35.6,card,ANON-0000-0000-0654,32.82,Cappuccino,20,Medium,22,9,2024,September,20:35.6
22/09/2024,46:26.2,card,ANON-0000-0000-0455,27.92,Americano with Milk,20,Medium,22,9,2024,September,46:26.2
22/09/2024,47:35.1,card,ANON-0000-0000-0455,27.92,Americano with Milk,20,Medium,22,9,2024,September,47:35.1
22/09/2024,07:04.8,card,ANON-0000-0000-0655,27.92,Americano with Milk,21,Medium,22,9,2024,September,07:04.8
22/09/2024,08:14.8,card,ANON-0000-0000-0655,27.92,Americano with Milk,21,Medium,22,9,2024,September,08:14.8
22/09/2024,54:04.1,card,ANON-0000-0000-0637,32.82,Hot Chocolate,21,Medium,22,9,2024,September,54:04.1
22/09/2024,54:54.5,card,ANON-0000-0000-0637,32.82,Hot Chocolate,21,Medium,22,9,2024,September,54:54.5
22/09/2024,37:02.4,card,ANON-0000-0000-0656,23.02,Americano,22,Medium,22,9,2024,September,37:02.4
22/09/2024,37:58.4,card,ANON-0000-0000-0657,27.92,Americano with Milk,22,Medium,22,9,2024,September,37:58.4
23/09/2024,03:37.0,card,ANON-0000-0000-0276,27.92,Americano with Milk,9,Medium,23,9,2024,September,03:37.0
23/09/2024,04:17.3,card,ANON-0000-0000-0141,23.02,Cortado,10,Medium,23,9,2024,September,04:17.3
23/09/2024,11:04.4,card,ANON-0000-0000-0584,23.02,Americano,12,Medium,23,9,2024,September,11:04.4
23/09/2024,08:51.9,card,ANON-0000-0000-0573,27.92,Americano with Milk,14,Medium,23,9,2024,September,08:51.9
23/09/2024,27:47.6,card,ANON-0000-0000-0658,32.82,Cappuccino,17,Medium,23,9,2024,September,27:47.6
23/09/2024,48:30.4,card,ANON-0000-0000-0659,23.02,Americano,18,Medium,23,9,2024,September,48:30.4
23/09/2024,47:21.9,card,ANON-0000-0000-0507,32.82,Latte,19,Medium,23,9,2024,September,47:21.9
23/09/2024,09:45.9,card,ANON-0000-0000-0206,32.82,Cappuccino,20,Medium,23,9,2024,September,09:45.9
23/09/2024,13:30.5,card,ANON-0000-0000-0641,27.92,Americano with Milk,22,Medium,23,9,2024,September,13:30.5
23/09/2024,15:15.0,card,ANON-0000-0000-0641,27.92,Americano with Milk,22,Medium,23,9,2024,September,15:15.0
24/09/2024,33:32.6,card,ANON-0000-0000-0276,27.92,Americano with Milk,8,Medium,24,9,2024,September,33:32.6
24/09/2024,23:57.0,card,ANON-0000-0000-0634,32.82,Latte,12,Medium,24,9,2024,September,23:57.0
24/09/2024,24:54.7,card,ANON-0000-0000-0634,32.82,Latte,12,Medium,24,9,2024,September,24:54.8
24/09/2024,46:44.4,card,ANON-0000-0000-0660,32.82,Latte,12,Medium,24,9,2024,September,46:44.4
24/09/2024,47:49.4,card,ANON-0000-0000-0660,32.82,Latte,12,Medium,24,9,2024,September,47:49.4
24/09/2024,11:39.3,card,ANON-0000-0000-0661,32.82,Latte,14,Medium,24,9,2024,September,11:39.3
24/09/2024,31:28.7,card,ANON-0000-0000-0662,23.02,Cortado,14,Medium,24,9,2024,September,31:28.7
24/09/2024,37:23.7,card,ANON-0000-0000-0510,32.82,Cappuccino,15,Medium,24,9,2024,September,37:23.7
24/09/2024,38:48.3,card,ANON-0000-0000-0583,32.82,Latte,16,Medium,24,9,2024,September,38:48.3
24/09/2024,43:02.9,card,ANON-0000-0000-0408,23.02,Americano,18,Medium,24,9,2024,September,43:02.9
24/09/2024,43:54.1,card,ANON-0000-0000-0408,23.02,Americano,18,Medium,24,9,2024,September,43:54.1
24/09/2024,15:50.4,card,ANON-0000-0000-0663,32.82,Hot Chocolate,20,Medium,24,9,2024,September,15:50.4
24/09/2024,05:14.2,card,ANON-0000-0000-0631,32.82,Latte,21,Medium,24,9,2024,September,05:14.2
24/09/2024,06:32.4,card,ANON-0000-0000-0531,27.92,Americano with Milk,21,Medium,24,9,2024,September,06:32.4
24/09/2024,07:35.0,card,ANON-0000-0000-0531,27.92,Americano with Milk,21,Medium,24,9,2024,September,07:35.0
25/09/2024,51:21.1,card,ANON-0000-0000-0664,32.82,Cappuccino,7,Medium,25,9,2024,September,51:21.1
25/09/2024,35:32.5,card,ANON-0000-0000-0141,23.02,Cortado,11,Medium,25,9,2024,September,35:32.5
25/09/2024,51:15.2,card,ANON-0000-0000-0665,27.92,Americano with Milk,11,Medium,25,9,2024,September,51:15.2
25/09/2024,52:53.4,card,ANON-0000-0000-0665,32.82,Latte,11,Medium,25,9,2024,September,52:53.4
25/09/2024,54:51.5,card,ANON-0000-0000-0666,27.92,Americano with Milk,13,Medium,25,9,2024,September,54:51.5
25/09/2024,55:59.3,card,ANON-0000-0000-0666,27.92,Americano with Milk,13,Medium,25,9,2024,September,55:59.3
25/09/2024,36:37.2,card,ANON-0000-0000-0667,27.92,Americano with Milk,17,Medium,25,9,2024,September,36:37.2
25/09/2024,37:31.8,card,ANON-0000-0000-0667,27.92,Americano with Milk,17,Medium,25,9,2024,September,37:31.8
25/09/2024,34:41.3,card,ANON-0000-0000-0668,23.02,Americano,21,Medium,25,9,2024,September,34:41.3
25/09/2024,18:51.8,card,ANON-0000-0000-0475,27.92,Americano with Milk,22,Medium,25,9,2024,September,18:51.8
26/09/2024,43:35.0,card,ANON-0000-0000-0570,32.82,Latte,8,Medium,26,9,2024,September,43:35.0
26/09/2024,37:06.5,card,ANON-0000-0000-0333,27.92,Americano with Milk,10,Medium,26,9,2024,September,37:06.5
26/09/2024,55:52.4,card,ANON-0000-0000-0669,18.12,Espresso,10,Low,26,9,2024,September,55:52.4
26/09/2024,34:48.6,card,ANON-0000-0000-0670,32.82,Cappuccino,11,Medium,26,9,2024,September,34:48.6
26/09/2024,48:01.4,card,ANON-0000-0000-0671,32.82,Latte,12,Medium,26,9,2024,September,48:01.4
26/09/2024,21:55.7,card,ANON-0000-0000-0672,32.82,Latte,18,Medium,26,9,2024,September,21:55.7
26/09/2024,45:15.1,card,ANON-0000-0000-0673,32.82,Latte,22,Medium,26,9,2024,September,45:15.1
26/09/2024,46:17.6,card,ANON-0000-0000-0673,23.02,Cortado,22,Medium,26,9,2024,September,46:17.6
26/09/2024,47:24.9,card,ANON-0000-0000-0472,27.92,Americano with Milk,22,Medium,26,9,2024,September,47:24.9
27/09/2024,29:45.6,card,ANON-0000-0000-0276,27.92,Americano with Milk,9,Medium,27,9,2024,September,29:45.6
27/09/2024,33:44.0,card,ANON-0000-0000-0141,23.02,Cortado,9,Medium,27,9,2024,September,33:44.0
27/09/2024,41:04.7,card,ANON-0000-0000-0674,32.82,Cappuccino,9,Medium,27,9,2024,September,41:04.7
27/09/2024,45:24.9,card,ANON-0000-0000-0333,27.92,Americano with Milk,10,Medium,27,9,2024,September,45:24.9
27/09/2024,46:56.6,card,ANON-0000-0000-0333,27.92,Americano with Milk,10,Medium,27,9,2024,September,46:56.6
27/09/2024,35:00.3,card,ANON-0000-0000-0675,32.82,Americano with Milk,11,Medium,27,9,2024,September,35:00.3
27/09/2024,20:31.1,card,ANON-0000-0000-0676,32.82,Cappuccino,13,Medium,27,9,2024,September,20:31.1
27/09/2024,25:05.3,card,ANON-0000-0000-0676,23.02,Cappuccino,13,Medium,27,9,2024,September,25:05.3
27/09/2024,28:33.1,card,ANON-0000-0000-0677,27.92,Americano,13,Medium,27,9,2024,September,28:33.1
27/09/2024,33:52.5,card,ANON-0000-0000-0678,32.82,Americano with Milk,13,Medium,27,9,2024,September,33:52.5
27/09/2024,07:43.7,card,ANON-0000-0000-0678,32.82,Latte,18,Medium,27,9,2024,September,07:43.7
27/09/2024,08:58.2,card,ANON-0000-0000-0679,32.82,Latte,18,Medium,27,9,2024,September,08:58.2
27/09/2024,37:45.9,card,ANON-0000-0000-0680,32.82,Cappuccino,18,Medium,27,9,2024,September,37:45.9
27/09/2024,40:53.8,card,ANON-0000-0000-0408,32.82,Cappuccino,18,Medium,27,9,2024,September,40:53.8
27/09/2024,18:13.3,card,ANON-0000-0000-0408,32.82,Cappuccino,20,Medium,27,9,2024,September,18:13.3
27/09/2024,19:14.3,card,ANON-0000-0000-0681,27.92,Cappuccino,20,Medium,27,9,2024,September,19:14.3
27/09/2024,58:15.0,card,ANON-0000-0000-0666,27.92,Americano with Milk,20,Medium,27,9,2024,September,58:15.0
28/09/2024,06:45.5,card,ANON-0000-0000-0682,27.92,Americano with Milk,8,Medium,28,9,2024,September,06:45.5
28/09/2024,31:14.8,card,ANON-0000-0000-0507,35.76,Americano with Milk,9,Medium,28,9,2024,September,31:14.8
28/09/2024,25:47.3,card,ANON-0000-0000-0683,35.76,Latte,14,Medium,28,9,2024,September,25:47.3
28/09/2024,57:20.1,card,ANON-0000-0000-0684,30.86,Latte,16,Medium,28,9,2024,September,57:20.1
28/09/2024,26:16.7,card,ANON-0000-0000-0445,35.76,Americano with Milk,17,Medium,28,9,2024,September,26:16.7
28/09/2024,34:31.1,card,ANON-0000-0000-0685,35.76,Latte,20,Medium,28,9,2024,September,34:31.1
28/09/2024,38:36.5,card,ANON-0000-0000-0686,35.76,Latte,20,Medium,28,9,2024,September,38:36.5
28/09/2024,16:36.8,card,ANON-0000-0000-0686,35.76,Cappuccino,22,Medium,28,9,2024,September,16:36.8
28/09/2024,17:29.6,card,ANON-0000-0000-0687,25.96,Cocoa,22,Medium,28,9,2024,September,17:29.6
28/09/2024,18:16.1,card,ANON-0000-0000-0687,35.76,Cortado,22,Medium,28,9,2024,September,18:16.1
28/09/2024,19:13.0,card,ANON-0000-0000-0467,25.96,Hot Chocolate,22,Medium,28,9,2024,September,19:13.0
29/09/2024,48:45.0,card,ANON-0000-0000-0172,35.76,Americano,10,Medium,29,9,2024,September,48:45.0
29/09/2024,50:05.3,card,ANON-0000-0000-0172,35.76,Cappuccino,10,Medium,29,9,2024,September,50:05.3
29/09/2024,51:03.3,card,ANON-0000-0000-0172,35.76,Cappuccino,10,Medium,29,9,2024,September,51:03.3
29/09/2024,52:23.0,card,ANON-0000-0000-0333,30.86,Cappuccino,10,Medium,29,9,2024,September,52:23.0
29/09/2024,53:42.3,card,ANON-0000-0000-0683,35.76,Americano with Milk,10,Medium,29,9,2024,September,53:42.3
29/09/2024,35:43.4,card,ANON-0000-0000-0141,25.96,Latte,12,Medium,29,9,2024,September,35:43.4
29/09/2024,50:58.4,card,ANON-0000-0000-0602,35.76,Cortado,12,Medium,29,9,2024,September,50:58.4
29/09/2024,54:15.4,card,ANON-0000-0000-0688,35.76,Latte,12,Medium,29,9,2024,September,54:15.4
29/09/2024,55:21.6,card,ANON-0000-0000-0689,35.76,Latte,12,Medium,29,9,2024,September,55:21.6
29/09/2024,02:27.3,card,ANON-0000-0000-0690,35.76,Cappuccino,18,Medium,29,9,2024,September,02:27.3
29/09/2024,31:02.8,card,ANON-0000-0000-0141,25.96,Latte,22,Medium,29,9,2024,September,31:02.8
30/09/2024,08:47.5,card,ANON-0000-0000-0691,25.96,Cortado,8,Medium,30,9,2024,September,08:47.5
30/09/2024,58:54.7,card,ANON-0000-0000-0692,35.76,Cortado,8,Medium,30,9,2024,September,58:54.7
30/09/2024,00:04.9,card,ANON-0000-0000-0276,30.86,Hot Chocolate,9,Medium,30,9,2024,September,00:04.9
30/09/2024,01:09.2,card,ANON-0000-0000-0141,25.96,Americano with Milk,10,Medium,30,9,2024,September,01:09.2
30/09/2024,05:18.4,card,ANON-0000-0000-0693,30.86,Cortado,10,Medium,30,9,2024,September,05:18.4
30/09/2024,32:54.6,card,ANON-0000-0000-0333,30.86,Americano with Milk,11,Medium,30,9,2024,September,32:54.6
30/09/2024,45:44.5,card,ANON-0000-0000-0507,35.76,Americano with Milk,16,Medium,30,9,2024,September,45:44.5
30/09/2024,32:18.2,card,ANON-0000-0000-0694,30.86,Latte,19,Medium,30,9,2024,September,32:18.2
30/09/2024,53:14.1,card,ANON-0000-0000-0694,25.96,Americano with Milk,19,Medium,30,9,2024,September,53:14.1
30/09/2024,54:17.6,card,ANON-0000-0000-0631,35.76,Cortado,19,Medium,30,9,2024,September,54:17.6
30/09/2024,59:19.0,card,ANON-0000-0000-0531,30.86,Latte,19,Medium,30,9,2024,September,59:19.0
30/09/2024,00:42.1,card,ANON-0000-0000-0633,30.86,Americano with Milk,20,Medium,30,9,2024,September,00:42.1
30/09/2024,01:42.2,card,ANON-0000-0000-0695,30.86,Americano with Milk,20,Medium,30,9,2024,September,01:42.2
